"filename", "language", "JavaScript", "TypeScript", "HTML", "JSON with Comments", "Markdown", "JSON", "SCSS", "CSS", "Vue", "XML", "comment", "blank", "total"
"c:\Users\yzc\Desktop\showTheVibe\.eslintrc-auto-import-types.json", "JSON", 0, 0, 0, 0, 0, 9, 0, 0, 0, 0, 0, 0, 9
"c:\Users\yzc\Desktop\showTheVibe\.eslintrc-auto-import.json", "JSON", 0, 0, 0, 0, 0, 92, 0, 0, 0, 0, 0, 0, 92
"c:\Users\yzc\Desktop\showTheVibe\.prettierrc.js", "JavaScript", 9, 0, 0, 0, 0, 0, 0, 0, 0, 0, 0, 1, 10
"c:\Users\yzc\Desktop\showTheVibe\README.md", "Markdown", 0, 0, 0, 0, 183, 0, 0, 0, 0, 0, 0, 72, 255
"c:\Users\yzc\Desktop\showTheVibe\auto-imports.d.ts", "TypeScript", 0, 68, 0, 0, 0, 0, 0, 0, 0, 0, 1, 1, 70
"c:\Users\yzc\Desktop\showTheVibe\index.html", "HTML", 0, 0, 19, 0, 0, 0, 0, 0, 0, 0, 3, 3, 25
"c:\Users\yzc\Desktop\showTheVibe\package-lock.json", "JSON", 0, 0, 0, 0, 0, 17668, 0, 0, 0, 0, 0, 1, 17669
"c:\Users\yzc\Desktop\showTheVibe\package.json", "JSON", 0, 0, 0, 0, 0, 104, 0, 0, 0, 0, 0, 1, 105
"c:\Users\yzc\Desktop\showTheVibe\src\@types\api.d.ts", "TypeScript", 0, 22, 0, 0, 0, 0, 0, 0, 0, 0, 0, 3, 25
"c:\Users\yzc\Desktop\showTheVibe\src\@types\global.d.ts", "TypeScript", 0, 6, 0, 0, 0, 0, 0, 0, 0, 0, 0, 1, 7
"c:\Users\yzc\Desktop\showTheVibe\src\@types\store.d.ts", "TypeScript", 0, 7, 0, 0, 0, 0, 0, 0, 0, 0, 0, 1, 8
"c:\Users\yzc\Desktop\showTheVibe\src\App.vue", "Vue", 0, 0, 0, 0, 0, 0, 0, 0, 19, 0, 0, 2, 21
"c:\Users\yzc\Desktop\showTheVibe\src\auto-imports.d.ts", "TypeScript", 0, 91, 0, 0, 0, 0, 0, 0, 0, 0, 1, 1, 93
"c:\Users\yzc\Desktop\showTheVibe\src\common\amap-wx.130.js", "JavaScript", 658, 0, 0, 0, 0, 0, 0, 0, 0, 0, 0, 2, 660
"c:\Users\yzc\Desktop\showTheVibe\src\components.d.ts", "TypeScript", 0, 14, 0, 0, 0, 0, 0, 0, 0, 0, 3, 3, 20
"c:\Users\yzc\Desktop\showTheVibe\src\components\city-select\city-select.vue", "Vue", 0, 0, 0, 0, 0, 0, 0, 0, 464, 0, 7, 25, 496
"c:\Users\yzc\Desktop\showTheVibe\src\components\city-select\citySelect.js", "JavaScript", 27, 0, 0, 0, 0, 0, 0, 0, 0, 0, 7, 3, 37
"c:\Users\yzc\Desktop\showTheVibe\src\components\item\index.vue", "Vue", 0, 0, 0, 0, 0, 0, 0, 0, 26, 0, 0, 3, 29
"c:\Users\yzc\Desktop\showTheVibe\src\components\left-swipe-tab\left-swipe-tab.vue", "Vue", 0, 0, 0, 0, 0, 0, 0, 0, 236, 0, 3, 3, 242
"c:\Users\yzc\Desktop\showTheVibe\src\components\list\index.vue", "Vue", 0, 0, 0, 0, 0, 0, 0, 0, 136, 0, 0, 4, 140
"c:\Users\yzc\Desktop\showTheVibe\src\components\tab\index.vue", "Vue", 0, 0, 0, 0, 0, 0, 0, 0, 46, 0, 0, 2, 48
"c:\Users\yzc\Desktop\showTheVibe\src\components\vear-carousel\vear-carousel.vue", "Vue", 0, 0, 0, 0, 0, 0, 0, 0, 106, 0, 0, 4, 110
"c:\Users\yzc\Desktop\showTheVibe\src\env.d.ts", "TypeScript", 0, 5, 0, 0, 0, 0, 0, 0, 0, 0, 1, 3, 9
"c:\Users\yzc\Desktop\showTheVibe\src\helper\pinia-auto-refs.ts", "TypeScript", 0, 27, 0, 0, 0, 0, 0, 0, 0, 0, 1, 5, 33
"c:\Users\yzc\Desktop\showTheVibe\src\main.ts", "TypeScript", 0, 21, 0, 0, 0, 0, 0, 0, 0, 0, 0, 2, 23
"c:\Users\yzc\Desktop\showTheVibe\src\manifest.json", "JSON", 0, 0, 0, 0, 0, 74, 0, 0, 0, 0, 8, 1, 83
"c:\Users\yzc\Desktop\showTheVibe\src\package.json", "JSON", 0, 0, 0, 0, 0, 17, 0, 0, 0, 0, 0, 0, 17
"c:\Users\yzc\Desktop\showTheVibe\src\pages.json", "JSON", 0, 0, 0, 0, 0, 148, 0, 0, 0, 0, 0, 1, 149
"c:\Users\yzc\Desktop\showTheVibe\src\pages\Checkstand\index.vue", "Vue", 0, 0, 0, 0, 0, 0, 0, 0, 185, 0, 0, 6, 191
"c:\Users\yzc\Desktop\showTheVibe\src\pages\ChooseCity\citys.js", "JavaScript", 1025, 0, 0, 0, 0, 0, 0, 0, 0, 0, 0, 1, 1026
"c:\Users\yzc\Desktop\showTheVibe\src\pages\ChooseCity\index.vue", "Vue", 0, 0, 0, 0, 0, 0, 0, 0, 105, 0, 0, 3, 108
"c:\Users\yzc\Desktop\showTheVibe\src\pages\Collect\index.vue", "Vue", 0, 0, 0, 0, 0, 0, 0, 0, 31, 0, 0, 1, 32
"c:\Users\yzc\Desktop\showTheVibe\src\pages\Collect\notes\index.vue", "Vue", 0, 0, 0, 0, 0, 0, 0, 0, 170, 0, 0, 5, 175
"c:\Users\yzc\Desktop\showTheVibe\src\pages\Collect\store\index.vue", "Vue", 0, 0, 0, 0, 0, 0, 0, 0, 97, 0, 0, 3, 100
"c:\Users\yzc\Desktop\showTheVibe\src\pages\Home\index.vue", "Vue", 0, 0, 0, 0, 0, 0, 0, 0, 92, 0, 2, 3, 97
"c:\Users\yzc\Desktop\showTheVibe\src\pages\Home\list\index.vue", "Vue", 0, 0, 0, 0, 0, 0, 0, 0, 202, 0, 0, 5, 207
"c:\Users\yzc\Desktop\showTheVibe\src\pages\Homepage\index.vue", "Vue", 0, 0, 0, 0, 0, 0, 0, 0, 22, 0, 0, 1, 23
"c:\Users\yzc\Desktop\showTheVibe\src\pages\Homepage\userinfo\index.vue", "Vue", 0, 0, 0, 0, 0, 0, 0, 0, 86, 0, 0, 3, 89
"c:\Users\yzc\Desktop\showTheVibe\src\pages\Mine\header\index.vue", "Vue", 0, 0, 0, 0, 0, 0, 0, 0, 84, 0, 0, 2, 86
"c:\Users\yzc\Desktop\showTheVibe\src\pages\Mine\index.vue", "Vue", 0, 0, 0, 0, 0, 0, 0, 0, 20, 0, 0, 1, 21
"c:\Users\yzc\Desktop\showTheVibe\src\pages\Mine\order\index.vue", "Vue", 0, 0, 0, 0, 0, 0, 0, 0, 58, 0, 0, 1, 59
"c:\Users\yzc\Desktop\showTheVibe\src\pages\Mine\personage\index.vue", "Vue", 0, 0, 0, 0, 0, 0, 0, 0, 146, 0, 0, 1, 147
"c:\Users\yzc\Desktop\showTheVibe\src\pages\NoteDetail\comment\index.vue", "Vue", 0, 0, 0, 0, 0, 0, 0, 0, 306, 0, 0, 7, 313
"c:\Users\yzc\Desktop\showTheVibe\src\pages\NoteDetail\content\index.vue", "Vue", 0, 0, 0, 0, 0, 0, 0, 0, 50, 0, 0, 3, 53
"c:\Users\yzc\Desktop\showTheVibe\src\pages\NoteDetail\index.vue", "Vue", 0, 0, 0, 0, 0, 0, 0, 0, 57, 0, 0, 3, 60
"c:\Users\yzc\Desktop\showTheVibe\src\pages\NoteDetail\praise\index.vue", "Vue", 0, 0, 0, 0, 0, 0, 0, 0, 71, 0, 0, 3, 74
"c:\Users\yzc\Desktop\showTheVibe\src\pages\NoteDetail\publisher\index.vue", "Vue", 0, 0, 0, 0, 0, 0, 0, 0, 91, 0, 0, 4, 95
"c:\Users\yzc\Desktop\showTheVibe\src\pages\NoteDetail\tabbar\index.vue", "Vue", 0, 0, 0, 0, 0, 0, 0, 0, 77, 0, 0, 6, 83
"c:\Users\yzc\Desktop\showTheVibe\src\pages\OrderDetail\index.vue", "Vue", 0, 0, 0, 0, 0, 0, 0, 0, 213, 0, 0, 5, 218
"c:\Users\yzc\Desktop\showTheVibe\src\pages\Order\index.vue", "Vue", 0, 0, 0, 0, 0, 0, 0, 0, 38, 0, 0, 3, 41
"c:\Users\yzc\Desktop\showTheVibe\src\pages\Order\list\index.vue", "Vue", 0, 0, 0, 0, 0, 0, 0, 0, 273, 0, 0, 7, 280
"c:\Users\yzc\Desktop\showTheVibe\src\pages\Payment\detail\index.vue", "Vue", 0, 0, 0, 0, 0, 0, 0, 0, 236, 0, 0, 3, 239
"c:\Users\yzc\Desktop\showTheVibe\src\pages\Payment\index.vue", "Vue", 0, 0, 0, 0, 0, 0, 0, 0, 73, 0, 0, 3, 76
"c:\Users\yzc\Desktop\showTheVibe\src\pages\Payment\other\index.vue", "Vue", 0, 0, 0, 0, 0, 0, 0, 0, 144, 0, 0, 5, 149
"c:\Users\yzc\Desktop\showTheVibe\src\pages\Payment\time\index.vue", "Vue", 0, 0, 0, 0, 0, 0, 0, 0, 118, 0, 0, 3, 121
"c:\Users\yzc\Desktop\showTheVibe\src\pages\Refund\index.vue", "Vue", 0, 0, 0, 0, 0, 0, 0, 0, 147, 0, 0, 4, 151
"c:\Users\yzc\Desktop\showTheVibe\src\pages\Repast\index.vue", "Vue", 0, 0, 0, 0, 0, 0, 0, 0, 76, 0, 0, 3, 79
"c:\Users\yzc\Desktop\showTheVibe\src\pages\Repast\list\index.vue", "Vue", 0, 0, 0, 0, 0, 0, 0, 0, 78, 0, 0, 3, 81
"c:\Users\yzc\Desktop\showTheVibe\src\pages\Search\index.vue", "Vue", 0, 0, 0, 0, 0, 0, 0, 0, 23, 0, 0, 3, 26
"c:\Users\yzc\Desktop\showTheVibe\src\pages\StoreDetail\index.vue", "Vue", 0, 0, 0, 0, 0, 0, 0, 0, 87, 0, 0, 5, 92
"c:\Users\yzc\Desktop\showTheVibe\src\pages\StoreDetail\tabbar\index.vue", "Vue", 0, 0, 0, 0, 0, 0, 0, 0, 235, 0, 0, 7, 242
"c:\Users\yzc\Desktop\showTheVibe\src\static\icon.css", "CSS", 0, 0, 0, 0, 0, 0, 0, 59, 0, 0, 0, 21, 80
"c:\Users\yzc\Desktop\showTheVibe\src\store\attention.ts", "TypeScript", 0, 46, 0, 0, 0, 0, 0, 0, 0, 0, 1, 1, 48
"c:\Users\yzc\Desktop\showTheVibe\src\store\canteen.ts", "TypeScript", 0, 68, 0, 0, 0, 0, 0, 0, 0, 0, 2, 1, 71
"c:\Users\yzc\Desktop\showTheVibe\src\store\collect.ts", "TypeScript", 0, 59, 0, 0, 0, 0, 0, 0, 0, 0, 1, 1, 61
"c:\Users\yzc\Desktop\showTheVibe\src\store\homepage.ts", "TypeScript", 0, 66, 0, 0, 0, 0, 0, 0, 0, 0, 0, 1, 67
"c:\Users\yzc\Desktop\showTheVibe\src\store\index.ts", "TypeScript", 0, 4, 0, 0, 0, 0, 0, 0, 0, 0, 0, 3, 7
"c:\Users\yzc\Desktop\showTheVibe\src\store\note.ts", "TypeScript", 0, 92, 0, 0, 0, 0, 0, 0, 0, 0, 0, 2, 94
"c:\Users\yzc\Desktop\showTheVibe\src\store\order.ts", "TypeScript", 0, 34, 0, 0, 0, 0, 0, 0, 0, 0, 0, 1, 35
"c:\Users\yzc\Desktop\showTheVibe\src\store\user.ts", "TypeScript", 0, 60, 0, 0, 0, 0, 0, 0, 0, 0, 0, 1, 61
"c:\Users\yzc\Desktop\showTheVibe\src\types\attention.ts", "TypeScript", 0, 6, 0, 0, 0, 0, 0, 0, 0, 0, 0, 1, 7
"c:\Users\yzc\Desktop\showTheVibe\src\types\canteen.ts", "TypeScript", 0, 24, 0, 0, 0, 0, 0, 0, 0, 0, 0, 1, 25
"c:\Users\yzc\Desktop\showTheVibe\src\types\collect.ts", "TypeScript", 0, 8, 0, 0, 0, 0, 0, 0, 0, 0, 0, 1, 9
"c:\Users\yzc\Desktop\showTheVibe\src\types\comment.ts", "TypeScript", 0, 10, 0, 0, 0, 0, 0, 0, 0, 0, 0, 1, 11
"c:\Users\yzc\Desktop\showTheVibe\src\types\notes.ts", "TypeScript", 0, 9, 0, 0, 0, 0, 0, 0, 0, 0, 0, 1, 10
"c:\Users\yzc\Desktop\showTheVibe\src\types\order.ts", "TypeScript", 0, 12, 0, 0, 0, 0, 0, 0, 0, 0, 0, 1, 13
"c:\Users\yzc\Desktop\showTheVibe\src\types\praise.ts", "TypeScript", 0, 7, 0, 0, 0, 0, 0, 0, 0, 0, 0, 1, 8
"c:\Users\yzc\Desktop\showTheVibe\src\types\user.ts", "TypeScript", 0, 9, 0, 0, 0, 0, 0, 0, 0, 0, 0, 1, 10
"c:\Users\yzc\Desktop\showTheVibe\src\uni.scss", "SCSS", 0, 0, 0, 0, 0, 0, 40, 0, 0, 0, 27, 16, 83
"c:\Users\yzc\Desktop\showTheVibe\src\uni_modules\d-search-log\components\d-search-log\d-search-log.vue", "Vue", 0, 0, 0, 0, 0, 0, 0, 0, 345, 0, 0, 26, 371
"c:\Users\yzc\Desktop\showTheVibe\src\uni_modules\d-search-log\package.json", "JSON", 0, 0, 0, 0, 0, 89, 0, 0, 0, 0, 0, 0, 89
"c:\Users\yzc\Desktop\showTheVibe\src\uni_modules\d-search-log\readme.md", "Markdown", 0, 0, 0, 0, 81, 0, 0, 0, 0, 0, 0, 29, 110
"c:\Users\yzc\Desktop\showTheVibe\src\uni_modules\uni-badge\changelog.md", "Markdown", 0, 0, 0, 0, 31, 0, 0, 0, 0, 0, 0, 1, 32
"c:\Users\yzc\Desktop\showTheVibe\src\uni_modules\uni-badge\components\uni-badge\uni-badge.vue", "Vue", 0, 0, 0, 0, 0, 0, 0, 0, 246, 0, 0, 23, 269
"c:\Users\yzc\Desktop\showTheVibe\src\uni_modules\uni-badge\package.json", "JSON", 0, 0, 0, 0, 0, 85, 0, 0, 0, 0, 0, 0, 85
"c:\Users\yzc\Desktop\showTheVibe\src\uni_modules\uni-badge\readme.md", "Markdown", 0, 0, 0, 0, 6, 0, 0, 0, 0, 0, 0, 5, 11
"c:\Users\yzc\Desktop\showTheVibe\src\uni_modules\uni-captcha\changelog.md", "Markdown", 0, 0, 0, 0, 32, 0, 0, 0, 0, 0, 0, 1, 33
"c:\Users\yzc\Desktop\showTheVibe\src\uni_modules\uni-captcha\components\uni-captcha\uni-captcha.vue", "Vue", 0, 0, 0, 0, 0, 0, 0, 0, 155, 0, 0, 12, 167
"c:\Users\yzc\Desktop\showTheVibe\src\uni_modules\uni-captcha\components\uni-popup-captcha\uni-popup-captcha.vue", "Vue", 0, 0, 0, 0, 0, 0, 0, 0, 133, 0, 0, 8, 141
"c:\Users\yzc\Desktop\showTheVibe\src\uni_modules\uni-captcha\package.json", "JSON", 0, 0, 0, 0, 0, 84, 0, 0, 0, 0, 0, 0, 84
"c:\Users\yzc\Desktop\showTheVibe\src\uni_modules\uni-captcha\readme.md", "Markdown", 0, 0, 0, 0, 3, 0, 0, 0, 0, 0, 0, 0, 3
"c:\Users\yzc\Desktop\showTheVibe\src\uni_modules\uni-captcha\uniCloud\cloudfunctions\common\uni-captcha\LICENSE.md", "Markdown", 0, 0, 0, 0, 169, 0, 0, 0, 0, 0, 0, 33, 202
"c:\Users\yzc\Desktop\showTheVibe\src\uni_modules\uni-captcha\uniCloud\cloudfunctions\common\uni-captcha\index.js", "JavaScript", 1, 0, 0, 0, 0, 0, 0, 0, 0, 0, 0, 1, 2
"c:\Users\yzc\Desktop\showTheVibe\src\uni_modules\uni-captcha\uniCloud\cloudfunctions\common\uni-captcha\package.json", "JSON", 0, 0, 0, 0, 0, 16, 0, 0, 0, 0, 0, 0, 16
"c:\Users\yzc\Desktop\showTheVibe\src\uni_modules\uni-captcha\uniCloud\cloudfunctions\uni-captcha-co\index.obj.js", "JavaScript", 23, 0, 0, 0, 0, 0, 0, 0, 0, 0, 9, 1, 33
"c:\Users\yzc\Desktop\showTheVibe\src\uni_modules\uni-captcha\uniCloud\cloudfunctions\uni-captcha-co\package.json", "JSON", 0, 0, 0, 0, 0, 10, 0, 0, 0, 0, 0, 0, 10
"c:\Users\yzc\Desktop\showTheVibe\src\uni_modules\uni-captcha\uniCloud\database\opendb-verify-codes.schema.json", "JSON", 0, 0, 0, 0, 0, 45, 0, 0, 0, 0, 0, 0, 45
"c:\Users\yzc\Desktop\showTheVibe\src\uni_modules\uni-config-center\changelog.md", "Markdown", 0, 0, 0, 0, 6, 0, 0, 0, 0, 0, 0, 1, 7
"c:\Users\yzc\Desktop\showTheVibe\src\uni_modules\uni-config-center\package.json", "JSON", 0, 0, 0, 0, 0, 81, 0, 0, 0, 0, 0, 1, 82
"c:\Users\yzc\Desktop\showTheVibe\src\uni_modules\uni-config-center\readme.md", "Markdown", 0, 0, 0, 0, 76, 0, 0, 0, 0, 0, 0, 17, 93
"c:\Users\yzc\Desktop\showTheVibe\src\uni_modules\uni-config-center\uniCloud\cloudfunctions\common\uni-config-center\index.js", "JavaScript", 1, 0, 0, 0, 0, 0, 0, 0, 0, 0, 0, 1, 2
"c:\Users\yzc\Desktop\showTheVibe\src\uni_modules\uni-config-center\uniCloud\cloudfunctions\common\uni-config-center\package.json", "JSON", 0, 0, 0, 0, 0, 9, 0, 0, 0, 0, 0, 0, 9
"c:\Users\yzc\Desktop\showTheVibe\src\uni_modules\uni-config-center\uniCloud\cloudfunctions\common\uni-config-center\uni-id\config.json", "JSON", 0, 0, 0, 0, 0, 92, 0, 0, 0, 0, 0, 1, 93
"c:\Users\yzc\Desktop\showTheVibe\src\uni_modules\uni-data-checkbox\changelog.md", "Markdown", 0, 0, 0, 0, 45, 0, 0, 0, 0, 0, 0, 1, 46
"c:\Users\yzc\Desktop\showTheVibe\src\uni_modules\uni-data-checkbox\components\uni-data-checkbox\uni-data-checkbox.vue", "Vue", 0, 0, 0, 0, 0, 0, 0, 0, 768, 0, 1, 53, 822
"c:\Users\yzc\Desktop\showTheVibe\src\uni_modules\uni-data-checkbox\package.json", "JSON", 0, 0, 0, 0, 0, 84, 0, 0, 0, 0, 0, 1, 85
"c:\Users\yzc\Desktop\showTheVibe\src\uni_modules\uni-data-checkbox\readme.md", "Markdown", 0, 0, 0, 0, 11, 0, 0, 0, 0, 0, 0, 7, 18
"c:\Users\yzc\Desktop\showTheVibe\src\uni_modules\uni-dateformat\changelog.md", "Markdown", 0, 0, 0, 0, 10, 0, 0, 0, 0, 0, 0, 1, 11
"c:\Users\yzc\Desktop\showTheVibe\src\uni_modules\uni-dateformat\components\uni-dateformat\date-format.js", "JavaScript", 191, 0, 0, 0, 0, 0, 0, 0, 0, 0, 3, 7, 201
"c:\Users\yzc\Desktop\showTheVibe\src\uni_modules\uni-dateformat\components\uni-dateformat\uni-dateformat.vue", "Vue", 0, 0, 0, 0, 0, 0, 0, 0, 85, 0, 0, 4, 89
"c:\Users\yzc\Desktop\showTheVibe\src\uni_modules\uni-dateformat\package.json", "JSON", 0, 0, 0, 0, 0, 88, 0, 0, 0, 0, 0, 0, 88
"c:\Users\yzc\Desktop\showTheVibe\src\uni_modules\uni-dateformat\readme.md", "Markdown", 0, 0, 0, 0, 6, 0, 0, 0, 0, 0, 0, 5, 11
"c:\Users\yzc\Desktop\showTheVibe\src\uni_modules\uni-easyinput\changelog.md", "Markdown", 0, 0, 0, 0, 48, 0, 0, 0, 0, 0, 0, 40, 88
"c:\Users\yzc\Desktop\showTheVibe\src\uni_modules\uni-easyinput\components\uni-easyinput\common.js", "JavaScript", 43, 0, 0, 0, 0, 0, 0, 0, 0, 0, 12, 2, 57
"c:\Users\yzc\Desktop\showTheVibe\src\uni_modules\uni-easyinput\components\uni-easyinput\uni-easyinput.vue", "Vue", 0, 0, 0, 0, 0, 0, 0, 0, 603, 0, 1, 35, 639
"c:\Users\yzc\Desktop\showTheVibe\src\uni_modules\uni-easyinput\package.json", "JSON", 0, 0, 0, 0, 0, 87, 0, 0, 0, 0, 0, 0, 87
"c:\Users\yzc\Desktop\showTheVibe\src\uni_modules\uni-easyinput\readme.md", "Markdown", 0, 0, 0, 0, 6, 0, 0, 0, 0, 0, 0, 5, 11
"c:\Users\yzc\Desktop\showTheVibe\src\uni_modules\uni-file-picker\changelog.md", "Markdown", 0, 0, 0, 0, 63, 0, 0, 0, 0, 0, 0, 1, 64
"c:\Users\yzc\Desktop\showTheVibe\src\uni_modules\uni-file-picker\components\uni-file-picker\choose-and-upload-file.js", "JavaScript", 209, 0, 0, 0, 0, 0, 0, 0, 0, 0, 0, 16, 225
"c:\Users\yzc\Desktop\showTheVibe\src\uni_modules\uni-file-picker\components\uni-file-picker\uni-file-picker.vue", "Vue", 0, 0, 0, 0, 0, 0, 0, 0, 629, 0, 0, 28, 657
"c:\Users\yzc\Desktop\showTheVibe\src\uni_modules\uni-file-picker\components\uni-file-picker\upload-file.vue", "Vue", 0, 0, 0, 0, 0, 0, 0, 0, 293, 0, 6, 27, 326
"c:\Users\yzc\Desktop\showTheVibe\src\uni_modules\uni-file-picker\components\uni-file-picker\upload-image.vue", "Vue", 0, 0, 0, 0, 0, 0, 0, 0, 276, 0, 0, 17, 293
"c:\Users\yzc\Desktop\showTheVibe\src\uni_modules\uni-file-picker\components\uni-file-picker\utils.js", "JavaScript", 85, 0, 0, 0, 0, 0, 0, 0, 0, 0, 19, 6, 110
"c:\Users\yzc\Desktop\showTheVibe\src\uni_modules\uni-file-picker\package.json", "JSON", 0, 0, 0, 0, 0, 86, 0, 0, 0, 0, 0, 1, 87
"c:\Users\yzc\Desktop\showTheVibe\src\uni_modules\uni-file-picker\readme.md", "Markdown", 0, 0, 0, 0, 6, 0, 0, 0, 0, 0, 0, 5, 11
"c:\Users\yzc\Desktop\showTheVibe\src\uni_modules\uni-forms\changelog.md", "Markdown", 0, 0, 0, 0, 90, 0, 0, 0, 0, 0, 0, 1, 91
"c:\Users\yzc\Desktop\showTheVibe\src\uni_modules\uni-forms\components\uni-forms-item\uni-forms-item.vue", "Vue", 0, 0, 0, 0, 0, 0, 0, 0, 581, 0, 4, 47, 632
"c:\Users\yzc\Desktop\showTheVibe\src\uni_modules\uni-forms\components\uni-forms\uni-forms.vue", "Vue", 0, 0, 0, 0, 0, 0, 0, 0, 375, 0, 0, 23, 398
"c:\Users\yzc\Desktop\showTheVibe\src\uni_modules\uni-forms\components\uni-forms\utils.js", "JavaScript", 162, 0, 0, 0, 0, 0, 0, 0, 0, 0, 111, 21, 294
"c:\Users\yzc\Desktop\showTheVibe\src\uni_modules\uni-forms\components\uni-forms\validate.js", "JavaScript", 421, 0, 0, 0, 0, 0, 0, 0, 0, 0, 1, 65, 487
"c:\Users\yzc\Desktop\showTheVibe\src\uni_modules\uni-forms\package.json", "JSON", 0, 0, 0, 0, 0, 88, 0, 0, 0, 0, 0, 1, 89
"c:\Users\yzc\Desktop\showTheVibe\src\uni_modules\uni-forms\readme.md", "Markdown", 0, 0, 0, 0, 12, 0, 0, 0, 0, 0, 0, 11, 23
"c:\Users\yzc\Desktop\showTheVibe\src\uni_modules\uni-icons\changelog.md", "Markdown", 0, 0, 0, 0, 22, 0, 0, 0, 0, 0, 0, 1, 23
"c:\Users\yzc\Desktop\showTheVibe\src\uni_modules\uni-icons\components\uni-icons\icons.js", "JavaScript", 1169, 0, 0, 0, 0, 0, 0, 0, 0, 0, 0, 1, 1170
"c:\Users\yzc\Desktop\showTheVibe\src\uni_modules\uni-icons\components\uni-icons\uni-icons.vue", "Vue", 0, 0, 0, 0, 0, 0, 0, 0, 87, 0, 4, 6, 97
"c:\Users\yzc\Desktop\showTheVibe\src\uni_modules\uni-icons\components\uni-icons\uniicons.css", "CSS", 0, 0, 0, 0, 0, 0, 0, 498, 0, 0, 0, 166, 664
"c:\Users\yzc\Desktop\showTheVibe\src\uni_modules\uni-icons\package.json", "JSON", 0, 0, 0, 0, 0, 86, 0, 0, 0, 0, 0, 0, 86
"c:\Users\yzc\Desktop\showTheVibe\src\uni_modules\uni-icons\readme.md", "Markdown", 0, 0, 0, 0, 6, 0, 0, 0, 0, 0, 0, 3, 9
"c:\Users\yzc\Desktop\showTheVibe\src\uni_modules\uni-id-common\changelog.md", "Markdown", 0, 0, 0, 0, 26, 0, 0, 0, 0, 0, 0, 1, 27
"c:\Users\yzc\Desktop\showTheVibe\src\uni_modules\uni-id-common\package.json", "JSON", 0, 0, 0, 0, 0, 87, 0, 0, 0, 0, 0, 1, 88
"c:\Users\yzc\Desktop\showTheVibe\src\uni_modules\uni-id-common\readme.md", "Markdown", 0, 0, 0, 0, 2, 0, 0, 0, 0, 0, 0, 1, 3
"c:\Users\yzc\Desktop\showTheVibe\src\uni_modules\uni-id-common\uniCloud\cloudfunctions\common\uni-id-common\index.js", "JavaScript", 1, 0, 0, 0, 0, 0, 0, 0, 0, 0, 0, 1, 2
"c:\Users\yzc\Desktop\showTheVibe\src\uni_modules\uni-id-common\uniCloud\cloudfunctions\common\uni-id-common\package.json", "JSON", 0, 0, 0, 0, 0, 16, 0, 0, 0, 0, 0, 0, 16
"c:\Users\yzc\Desktop\showTheVibe\src\uni_modules\uni-id-pages\changelog.md", "Markdown", 0, 0, 0, 0, 93, 0, 0, 0, 0, 0, 0, 1, 94
"c:\Users\yzc\Desktop\showTheVibe\src\uni_modules\uni-id-pages\common\login-page.mixin.js", "JavaScript", 83, 0, 0, 0, 0, 0, 0, 0, 0, 0, 3, 3, 89
"c:\Users\yzc\Desktop\showTheVibe\src\uni_modules\uni-id-pages\common\login-page.scss", "SCSS", 0, 0, 0, 0, 0, 0, 85, 0, 0, 0, 20, 21, 126
"c:\Users\yzc\Desktop\showTheVibe\src\uni_modules\uni-id-pages\common\password.js", "JavaScript", 71, 0, 0, 0, 0, 0, 0, 0, 0, 0, 7, 8, 86
"c:\Users\yzc\Desktop\showTheVibe\src\uni_modules\uni-id-pages\common\store.js", "JavaScript", 115, 0, 0, 0, 0, 0, 0, 0, 0, 0, 12, 11, 138
"c:\Users\yzc\Desktop\showTheVibe\src\uni_modules\uni-id-pages\components\cloud-image\cloud-image.vue", "Vue", 0, 0, 0, 0, 0, 0, 0, 0, 77, 0, 0, 2, 79
"c:\Users\yzc\Desktop\showTheVibe\src\uni_modules\uni-id-pages\components\uni-id-pages-agreements\uni-id-pages-agreements.vue", "Vue", 0, 0, 0, 0, 0, 0, 0, 0, 158, 0, 1, 10, 169
"c:\Users\yzc\Desktop\showTheVibe\src\uni_modules\uni-id-pages\components\uni-id-pages-avatar\uni-id-pages-avatar.vue", "Vue", 0, 0, 0, 0, 0, 0, 0, 0, 163, 0, 0, 4, 167
"c:\Users\yzc\Desktop\showTheVibe\src\uni_modules\uni-id-pages\components\uni-id-pages-bind-mobile\uni-id-pages-bind-mobile.vue", "Vue", 0, 0, 0, 0, 0, 0, 0, 0, 153, 0, 0, 13, 166
"c:\Users\yzc\Desktop\showTheVibe\src\uni_modules\uni-id-pages\components\uni-id-pages-email-form\uni-id-pages-email-form.vue", "Vue", 0, 0, 0, 0, 0, 0, 0, 0, 236, 0, 0, 11, 247
"c:\Users\yzc\Desktop\showTheVibe\src\uni_modules\uni-id-pages\components\uni-id-pages-fab-login\uni-id-pages-fab-login.vue", "Vue", 0, 0, 0, 0, 0, 0, 0, 0, 540, 0, 2, 32, 574
"c:\Users\yzc\Desktop\showTheVibe\src\uni_modules\uni-id-pages\components\uni-id-pages-sms-form\uni-id-pages-sms-form.vue", "Vue", 0, 0, 0, 0, 0, 0, 0, 0, 231, 0, 0, 11, 242
"c:\Users\yzc\Desktop\showTheVibe\src\uni_modules\uni-id-pages\components\uni-id-pages-user-profile\uni-id-pages-user-profile.vue", "Vue", 0, 0, 0, 0, 0, 0, 0, 0, 173, 0, 0, 4, 177
"c:\Users\yzc\Desktop\showTheVibe\src\uni_modules\uni-id-pages\config.js", "JavaScript", 25, 0, 0, 0, 0, 0, 0, 0, 0, 0, 30, 2, 57
"c:\Users\yzc\Desktop\showTheVibe\src\uni_modules\uni-id-pages\init.js", "JavaScript", 76, 0, 0, 0, 0, 0, 0, 0, 0, 0, 17, 7, 100
"c:\Users\yzc\Desktop\showTheVibe\src\uni_modules\uni-id-pages\package.json", "JSON", 0, 0, 0, 0, 0, 101, 0, 0, 0, 0, 0, 1, 102
"c:\Users\yzc\Desktop\showTheVibe\src\uni_modules\uni-id-pages\pages\common\webview\webview.vue", "Vue", 0, 0, 0, 0, 0, 0, 0, 0, 36, 0, 1, 4, 41
"c:\Users\yzc\Desktop\showTheVibe\src\uni_modules\uni-id-pages\pages\login\login-smscode.vue", "Vue", 0, 0, 0, 0, 0, 0, 0, 0, 115, 0, 2, 6, 123
"c:\Users\yzc\Desktop\showTheVibe\src\uni_modules\uni-id-pages\pages\login\login-withoutpwd.vue", "Vue", 0, 0, 0, 0, 0, 0, 0, 0, 242, 0, 4, 15, 261
"c:\Users\yzc\Desktop\showTheVibe\src\uni_modules\uni-id-pages\pages\login\login-withpwd.vue", "Vue", 0, 0, 0, 0, 0, 0, 0, 0, 157, 0, 6, 11, 174
"c:\Users\yzc\Desktop\showTheVibe\src\uni_modules\uni-id-pages\pages\register\register-admin.vue", "Vue", 0, 0, 0, 0, 0, 0, 0, 0, 170, 0, 2, 8, 180
"c:\Users\yzc\Desktop\showTheVibe\src\uni_modules\uni-id-pages\pages\register\register-by-email.vue", "Vue", 0, 0, 0, 0, 0, 0, 0, 0, 210, 0, 2, 5, 217
"c:\Users\yzc\Desktop\showTheVibe\src\uni_modules\uni-id-pages\pages\register\register.vue", "Vue", 0, 0, 0, 0, 0, 0, 0, 0, 172, 0, 2, 10, 184
"c:\Users\yzc\Desktop\showTheVibe\src\uni_modules\uni-id-pages\pages\register\validator.js", "JavaScript", 54, 0, 0, 0, 0, 0, 0, 0, 0, 0, 2, 1, 57
"c:\Users\yzc\Desktop\showTheVibe\src\uni_modules\uni-id-pages\pages\retrieve\retrieve-by-email.vue", "Vue", 0, 0, 0, 0, 0, 0, 0, 0, 216, 0, 2, 6, 224
"c:\Users\yzc\Desktop\showTheVibe\src\uni_modules\uni-id-pages\pages\retrieve\retrieve.vue", "Vue", 0, 0, 0, 0, 0, 0, 0, 0, 240, 0, 2, 5, 247
"c:\Users\yzc\Desktop\showTheVibe\src\uni_modules\uni-id-pages\pages\userinfo\avatar\index.vue", "Vue", 0, 0, 0, 0, 0, 0, 0, 0, 18, 0, 0, 3, 21
"c:\Users\yzc\Desktop\showTheVibe\src\uni_modules\uni-id-pages\pages\userinfo\bind-mobile\bind-mobile.vue", "Vue", 0, 0, 0, 0, 0, 0, 0, 0, 118, 0, 3, 10, 131
"c:\Users\yzc\Desktop\showTheVibe\src\uni_modules\uni-id-pages\pages\userinfo\change_pwd\change_pwd.vue", "Vue", 0, 0, 0, 0, 0, 0, 0, 0, 128, 0, 2, 5, 135
"c:\Users\yzc\Desktop\showTheVibe\src\uni_modules\uni-id-pages\pages\userinfo\cropImage\cropImage.vue", "Vue", 0, 0, 0, 0, 0, 0, 0, 0, 37, 0, 1, 1, 39
"c:\Users\yzc\Desktop\showTheVibe\src\uni_modules\uni-id-pages\pages\userinfo\cropImage\limeClipper\README.md", "Markdown", 0, 0, 0, 0, 194, 0, 0, 0, 0, 0, 2, 31, 227
"c:\Users\yzc\Desktop\showTheVibe\src\uni_modules\uni-id-pages\pages\userinfo\cropImage\limeClipper\images\photo.svg", "XML", 0, 0, 0, 0, 0, 0, 0, 0, 0, 18, 1, 1, 20
"c:\Users\yzc\Desktop\showTheVibe\src\uni_modules\uni-id-pages\pages\userinfo\cropImage\limeClipper\images\rotate.svg", "XML", 0, 0, 0, 0, 0, 0, 0, 0, 0, 14, 1, 1, 16
"c:\Users\yzc\Desktop\showTheVibe\src\uni_modules\uni-id-pages\pages\userinfo\cropImage\limeClipper\index.css", "CSS", 0, 0, 0, 0, 0, 0, 0, 160, 0, 0, 0, 1, 161
"c:\Users\yzc\Desktop\showTheVibe\src\uni_modules\uni-id-pages\pages\userinfo\cropImage\limeClipper\limeClipper.vue", "Vue", 0, 0, 0, 0, 0, 0, 0, 0, 803, 0, 0, 13, 816
"c:\Users\yzc\Desktop\showTheVibe\src\uni_modules\uni-id-pages\pages\userinfo\cropImage\limeClipper\utils.js", "JavaScript", 192, 0, 0, 0, 0, 0, 0, 0, 0, 0, 37, 16, 245
"c:\Users\yzc\Desktop\showTheVibe\src\uni_modules\uni-id-pages\pages\userinfo\deactivate\deactivate.vue", "Vue", 0, 0, 0, 0, 0, 0, 0, 0, 107, 0, 1, 12, 120
"c:\Users\yzc\Desktop\showTheVibe\src\uni_modules\uni-id-pages\pages\userinfo\userinfo.vue", "Vue", 0, 0, 0, 0, 0, 0, 0, 0, 242, 0, 1, 11, 254
"c:\Users\yzc\Desktop\showTheVibe\src\uni_modules\uni-id-pages\readme.md", "Markdown", 0, 0, 0, 0, 8, 0, 0, 0, 0, 0, 0, 7, 15
"c:\Users\yzc\Desktop\showTheVibe\src\uni_modules\uni-id-pages\static\limeClipper\photo.svg", "XML", 0, 0, 0, 0, 0, 0, 0, 0, 0, 18, 1, 1, 20
"c:\Users\yzc\Desktop\showTheVibe\src\uni_modules\uni-id-pages\static\limeClipper\rotate.svg", "XML", 0, 0, 0, 0, 0, 0, 0, 0, 0, 14, 1, 1, 16
"c:\Users\yzc\Desktop\showTheVibe\src\uni_modules\uni-id-pages\uniCloud\cloudfunctions\uni-id-co\common\constants.js", "JavaScript", 83, 0, 0, 0, 0, 0, 0, 0, 0, 0, 0, 8, 91
"c:\Users\yzc\Desktop\showTheVibe\src\uni_modules\uni-id-pages\uniCloud\cloudfunctions\uni-id-co\common\error.js", "JavaScript", 55, 0, 0, 0, 0, 0, 0, 0, 0, 0, 0, 4, 59
"c:\Users\yzc\Desktop\showTheVibe\src\uni_modules\uni-id-pages\uniCloud\cloudfunctions\uni-id-co\common\universal.js", "JavaScript", 39, 0, 0, 0, 0, 0, 0, 0, 0, 0, 0, 9, 48
"c:\Users\yzc\Desktop\showTheVibe\src\uni_modules\uni-id-pages\uniCloud\cloudfunctions\uni-id-co\common\utils.js", "JavaScript", 165, 0, 0, 0, 0, 0, 0, 0, 0, 0, 8, 25, 198
"c:\Users\yzc\Desktop\showTheVibe\src\uni_modules\uni-id-pages\uniCloud\cloudfunctions\uni-id-co\common\validator.js", "JavaScript", 382, 0, 0, 0, 0, 0, 0, 0, 0, 0, 25, 26, 433
"c:\Users\yzc\Desktop\showTheVibe\src\uni_modules\uni-id-pages\uniCloud\cloudfunctions\uni-id-co\config\permission.js", "JavaScript", 71, 0, 0, 0, 0, 0, 0, 0, 0, 0, 6, 2, 79
"c:\Users\yzc\Desktop\showTheVibe\src\uni_modules\uni-id-pages\uniCloud\cloudfunctions\uni-id-co\index.obj.js", "JavaScript", 189, 0, 0, 0, 0, 0, 0, 0, 0, 0, 387, 14, 590
"c:\Users\yzc\Desktop\showTheVibe\src\uni_modules\uni-id-pages\uniCloud\cloudfunctions\uni-id-co\lang\en.js", "JavaScript", 48, 0, 0, 0, 0, 0, 0, 0, 0, 0, 0, 3, 51
"c:\Users\yzc\Desktop\showTheVibe\src\uni_modules\uni-id-pages\uniCloud\cloudfunctions\uni-id-co\lang\index.js", "JavaScript", 19, 0, 0, 0, 0, 0, 0, 0, 0, 0, 0, 4, 23
"c:\Users\yzc\Desktop\showTheVibe\src\uni_modules\uni-id-pages\uniCloud\cloudfunctions\uni-id-co\lang\zh-hans.js", "JavaScript", 48, 0, 0, 0, 0, 0, 0, 0, 0, 0, 0, 3, 51
"c:\Users\yzc\Desktop\showTheVibe\src\uni_modules\uni-id-pages\uniCloud\cloudfunctions\uni-id-co\lib\README.md", "Markdown", 0, 0, 0, 0, 2, 0, 0, 0, 0, 0, 0, 1, 3
"c:\Users\yzc\Desktop\showTheVibe\src\uni_modules\uni-id-pages\uniCloud\cloudfunctions\uni-id-co\lib\third-party\alipay\account\index.js", "JavaScript", 15, 0, 0, 0, 0, 0, 0, 0, 0, 0, 0, 2, 17
"c:\Users\yzc\Desktop\showTheVibe\src\uni_modules\uni-id-pages\uniCloud\cloudfunctions\uni-id-co\lib\third-party\alipay\account\protocols.js", "JavaScript", 7, 0, 0, 0, 0, 0, 0, 0, 0, 0, 3, 1, 11
"c:\Users\yzc\Desktop\showTheVibe\src\uni_modules\uni-id-pages\uniCloud\cloudfunctions\uni-id-co\lib\third-party\alipay\alipayBase.js", "JavaScript", 160, 0, 0, 0, 0, 0, 0, 0, 0, 0, 42, 30, 232
"c:\Users\yzc\Desktop\showTheVibe\src\uni_modules\uni-id-pages\uniCloud\cloudfunctions\uni-id-co\lib\third-party\apple\account\index.js", "JavaScript", 51, 0, 0, 0, 0, 0, 0, 0, 0, 0, 18, 8, 77
"c:\Users\yzc\Desktop\showTheVibe\src\uni_modules\uni-id-pages\uniCloud\cloudfunctions\uni-id-co\lib\third-party\apple\rsa-public-key-pem.js", "JavaScript", 48, 0, 0, 0, 0, 0, 0, 0, 0, 0, 5, 12, 65
"c:\Users\yzc\Desktop\showTheVibe\src\uni_modules\uni-id-pages\uniCloud\cloudfunctions\uni-id-co\lib\third-party\index.js", "JavaScript", 34, 0, 0, 0, 0, 0, 0, 0, 0, 0, 0, 3, 37
"c:\Users\yzc\Desktop\showTheVibe\src\uni_modules\uni-id-pages\uniCloud\cloudfunctions\uni-id-co\lib\third-party\qq\account\index.js", "JavaScript", 92, 0, 0, 0, 0, 0, 0, 0, 0, 0, 0, 6, 98
"c:\Users\yzc\Desktop\showTheVibe\src\uni_modules\uni-id-pages\uniCloud\cloudfunctions\uni-id-co\lib\third-party\qq\account\protocol.js", "JavaScript", 0, 0, 0, 0, 0, 0, 0, 0, 0, 0, 0, 1, 1
"c:\Users\yzc\Desktop\showTheVibe\src\uni_modules\uni-id-pages\uniCloud\cloudfunctions\uni-id-co\lib\third-party\qq\normalize.js", "JavaScript", 80, 0, 0, 0, 0, 0, 0, 0, 0, 0, 1, 5, 86
"c:\Users\yzc\Desktop\showTheVibe\src\uni_modules\uni-id-pages\uniCloud\cloudfunctions\uni-id-co\lib\third-party\share\create-api.js", "JavaScript", 62, 0, 0, 0, 0, 0, 0, 0, 0, 0, 5, 7, 74
"c:\Users\yzc\Desktop\showTheVibe\src\uni_modules\uni-id-pages\uniCloud\cloudfunctions\uni-id-co\lib\third-party\weixin\account\index.js", "JavaScript", 103, 0, 0, 0, 0, 0, 0, 0, 0, 0, 1, 8, 112
"c:\Users\yzc\Desktop\showTheVibe\src\uni_modules\uni-id-pages\uniCloud\cloudfunctions\uni-id-co\lib\third-party\weixin\normalize.js", "JavaScript", 86, 0, 0, 0, 0, 0, 0, 0, 0, 0, 3, 7, 96
"c:\Users\yzc\Desktop\showTheVibe\src\uni_modules\uni-id-pages\uniCloud\cloudfunctions\uni-id-co\lib\third-party\weixin\utils.js", "JavaScript", 72, 0, 0, 0, 0, 0, 0, 0, 0, 0, 6, 10, 88
"c:\Users\yzc\Desktop\showTheVibe\src\uni_modules\uni-id-pages\uniCloud\cloudfunctions\uni-id-co\lib\utils\account.js", "JavaScript", 113, 0, 0, 0, 0, 0, 0, 0, 0, 0, 11, 7, 131
"c:\Users\yzc\Desktop\showTheVibe\src\uni_modules\uni-id-pages\uniCloud\cloudfunctions\uni-id-co\lib\utils\captcha.js", "JavaScript", 69, 0, 0, 0, 0, 0, 0, 0, 0, 0, 1, 7, 77
"c:\Users\yzc\Desktop\showTheVibe\src\uni_modules\uni-id-pages\uniCloud\cloudfunctions\uni-id-co\lib\utils\config.js", "JavaScript", 124, 0, 0, 0, 0, 0, 0, 0, 0, 0, 0, 12, 136
"c:\Users\yzc\Desktop\showTheVibe\src\uni_modules\uni-id-pages\uniCloud\cloudfunctions\uni-id-co\lib\utils\fission.js", "JavaScript", 140, 0, 0, 0, 0, 0, 0, 0, 0, 0, 42, 11, 193
"c:\Users\yzc\Desktop\showTheVibe\src\uni_modules\uni-id-pages\uniCloud\cloudfunctions\uni-id-co\lib\utils\login.js", "JavaScript", 218, 0, 0, 0, 0, 0, 0, 0, 0, 0, 3, 12, 233
"c:\Users\yzc\Desktop\showTheVibe\src\uni_modules\uni-id-pages\uniCloud\cloudfunctions\uni-id-co\lib\utils\logout.js", "JavaScript", 41, 0, 0, 0, 0, 0, 0, 0, 0, 0, 2, 5, 48
"c:\Users\yzc\Desktop\showTheVibe\src\uni_modules\uni-id-pages\uniCloud\cloudfunctions\uni-id-co\lib\utils\password.js", "JavaScript", 192, 0, 0, 0, 0, 0, 0, 0, 0, 0, 32, 38, 262
"c:\Users\yzc\Desktop\showTheVibe\src\uni_modules\uni-id-pages\uniCloud\cloudfunctions\uni-id-co\lib\utils\qq.js", "JavaScript", 142, 0, 0, 0, 0, 0, 0, 0, 0, 0, 2, 9, 153
"c:\Users\yzc\Desktop\showTheVibe\src\uni_modules\uni-id-pages\uniCloud\cloudfunctions\uni-id-co\lib\utils\register.js", "JavaScript", 192, 0, 0, 0, 0, 0, 0, 0, 0, 0, 0, 21, 213
"c:\Users\yzc\Desktop\showTheVibe\src\uni_modules\uni-id-pages\uniCloud\cloudfunctions\uni-id-co\lib\utils\relate.js", "JavaScript", 141, 0, 0, 0, 0, 0, 0, 0, 0, 0, 9, 13, 163
"c:\Users\yzc\Desktop\showTheVibe\src\uni_modules\uni-id-pages\uniCloud\cloudfunctions\uni-id-co\lib\utils\sms.js", "JavaScript", 70, 0, 0, 0, 0, 0, 0, 0, 0, 0, 9, 3, 82
"c:\Users\yzc\Desktop\showTheVibe\src\uni_modules\uni-id-pages\uniCloud\cloudfunctions\uni-id-co\lib\utils\unified-login.js", "JavaScript", 94, 0, 0, 0, 0, 0, 0, 0, 0, 0, 0, 5, 99
"c:\Users\yzc\Desktop\showTheVibe\src\uni_modules\uni-id-pages\uniCloud\cloudfunctions\uni-id-co\lib\utils\univerify.js", "JavaScript", 24, 0, 0, 0, 0, 0, 0, 0, 0, 0, 2, 2, 28
"c:\Users\yzc\Desktop\showTheVibe\src\uni_modules\uni-id-pages\uniCloud\cloudfunctions\uni-id-co\lib\utils\update-user-info.js", "JavaScript", 23, 0, 0, 0, 0, 0, 0, 0, 0, 0, 1, 2, 26
"c:\Users\yzc\Desktop\showTheVibe\src\uni_modules\uni-id-pages\uniCloud\cloudfunctions\uni-id-co\lib\utils\utils.js", "JavaScript", 16, 0, 0, 0, 0, 0, 0, 0, 0, 0, 1, 1, 18
"c:\Users\yzc\Desktop\showTheVibe\src\uni_modules\uni-id-pages\uniCloud\cloudfunctions\uni-id-co\lib\utils\verify-code.js", "JavaScript", 143, 0, 0, 0, 0, 0, 0, 0, 0, 0, 0, 10, 153
"c:\Users\yzc\Desktop\showTheVibe\src\uni_modules\uni-id-pages\uniCloud\cloudfunctions\uni-id-co\lib\utils\weixin.js", "JavaScript", 217, 0, 0, 0, 0, 0, 0, 0, 0, 0, 4, 14, 235
"c:\Users\yzc\Desktop\showTheVibe\src\uni_modules\uni-id-pages\uniCloud\cloudfunctions\uni-id-co\middleware\access-control.js", "JavaScript", 57, 0, 0, 0, 0, 0, 0, 0, 0, 0, 0, 3, 60
"c:\Users\yzc\Desktop\showTheVibe\src\uni_modules\uni-id-pages\uniCloud\cloudfunctions\uni-id-co\middleware\auth.js", "JavaScript", 17, 0, 0, 0, 0, 0, 0, 0, 0, 0, 0, 1, 18
"c:\Users\yzc\Desktop\showTheVibe\src\uni_modules\uni-id-pages\uniCloud\cloudfunctions\uni-id-co\middleware\index.js", "JavaScript", 7, 0, 0, 0, 0, 0, 0, 0, 0, 0, 0, 1, 8
"c:\Users\yzc\Desktop\showTheVibe\src\uni_modules\uni-id-pages\uniCloud\cloudfunctions\uni-id-co\middleware\rbac.js", "JavaScript", 36, 0, 0, 0, 0, 0, 0, 0, 0, 0, 0, 4, 40
"c:\Users\yzc\Desktop\showTheVibe\src\uni_modules\uni-id-pages\uniCloud\cloudfunctions\uni-id-co\middleware\uni-id-log.js", "JavaScript", 38, 0, 0, 0, 0, 0, 0, 0, 0, 0, 0, 2, 40
"c:\Users\yzc\Desktop\showTheVibe\src\uni_modules\uni-id-pages\uniCloud\cloudfunctions\uni-id-co\middleware\validate.js", "JavaScript", 7, 0, 0, 0, 0, 0, 0, 0, 0, 0, 0, 1, 8
"c:\Users\yzc\Desktop\showTheVibe\src\uni_modules\uni-id-pages\uniCloud\cloudfunctions\uni-id-co\module\account\close-account.js", "JavaScript", 10, 0, 0, 0, 0, 0, 0, 0, 0, 0, 5, 2, 17
"c:\Users\yzc\Desktop\showTheVibe\src\uni_modules\uni-id-pages\uniCloud\cloudfunctions\uni-id-co\module\account\get-account-info.js", "JavaScript", 63, 0, 0, 0, 0, 0, 0, 0, 0, 0, 4, 3, 70
"c:\Users\yzc\Desktop\showTheVibe\src\uni_modules\uni-id-pages\uniCloud\cloudfunctions\uni-id-co\module\account\index.js", "JavaScript", 7, 0, 0, 0, 0, 0, 0, 0, 0, 0, 0, 1, 8
"c:\Users\yzc\Desktop\showTheVibe\src\uni_modules\uni-id-pages\uniCloud\cloudfunctions\uni-id-co\module\account\reset-pwd-by-email.js", "JavaScript", 103, 0, 0, 0, 0, 0, 0, 0, 0, 0, 14, 4, 121
"c:\Users\yzc\Desktop\showTheVibe\src\uni_modules\uni-id-pages\uniCloud\cloudfunctions\uni-id-co\module\account\reset-pwd-by-sms.js", "JavaScript", 103, 0, 0, 0, 0, 0, 0, 0, 0, 0, 14, 4, 121
"c:\Users\yzc\Desktop\showTheVibe\src\uni_modules\uni-id-pages\uniCloud\cloudfunctions\uni-id-co\module\account\update-pwd.js", "JavaScript", 56, 0, 0, 0, 0, 0, 0, 0, 0, 0, 9, 5, 70
"c:\Users\yzc\Desktop\showTheVibe\src\uni_modules\uni-id-pages\uniCloud\cloudfunctions\uni-id-co\module\admin\add-user.js", "JavaScript", 102, 0, 0, 0, 0, 0, 0, 0, 0, 0, 15, 3, 120
"c:\Users\yzc\Desktop\showTheVibe\src\uni_modules\uni-id-pages\uniCloud\cloudfunctions\uni-id-co\module\admin\index.js", "JavaScript", 4, 0, 0, 0, 0, 0, 0, 0, 0, 0, 0, 1, 5
"c:\Users\yzc\Desktop\showTheVibe\src\uni_modules\uni-id-pages\uniCloud\cloudfunctions\uni-id-co\module\admin\update-user.js", "JavaScript", 102, 0, 0, 0, 0, 0, 0, 0, 0, 0, 18, 10, 130
"c:\Users\yzc\Desktop\showTheVibe\src\uni_modules\uni-id-pages\uniCloud\cloudfunctions\uni-id-co\module\dev\get-supported-login-type.js", "JavaScript", 59, 0, 0, 0, 0, 0, 0, 0, 0, 0, 5, 8, 72
"c:\Users\yzc\Desktop\showTheVibe\src\uni_modules\uni-id-pages\uniCloud\cloudfunctions\uni-id-co\module\dev\index.js", "JavaScript", 3, 0, 0, 0, 0, 0, 0, 0, 0, 0, 0, 1, 4
"c:\Users\yzc\Desktop\showTheVibe\src\uni_modules\uni-id-pages\uniCloud\cloudfunctions\uni-id-co\module\fission\accept-invite.js", "JavaScript", 17, 0, 0, 0, 0, 0, 0, 0, 0, 0, 7, 2, 26
"c:\Users\yzc\Desktop\showTheVibe\src\uni_modules\uni-id-pages\uniCloud\cloudfunctions\uni-id-co\module\fission\get-invited-user.js", "JavaScript", 68, 0, 0, 0, 0, 0, 0, 0, 0, 0, 10, 3, 81
"c:\Users\yzc\Desktop\showTheVibe\src\uni_modules\uni-id-pages\uniCloud\cloudfunctions\uni-id-co\module\fission\index.js", "JavaScript", 4, 0, 0, 0, 0, 0, 0, 0, 0, 0, 0, 1, 5
"c:\Users\yzc\Desktop\showTheVibe\src\uni_modules\uni-id-pages\uniCloud\cloudfunctions\uni-id-co\module\login\index.js", "JavaScript", 20, 0, 0, 0, 0, 0, 0, 0, 0, 0, 0, 1, 21
"c:\Users\yzc\Desktop\showTheVibe\src\uni_modules\uni-id-pages\uniCloud\cloudfunctions\uni-id-co\module\login\login-by-alipay.js", "JavaScript", 59, 0, 0, 0, 0, 0, 0, 0, 0, 0, 8, 4, 71
"c:\Users\yzc\Desktop\showTheVibe\src\uni_modules\uni-id-pages\uniCloud\cloudfunctions\uni-id-co\module\login\login-by-apple.js", "JavaScript", 66, 0, 0, 0, 0, 0, 0, 0, 0, 0, 9, 3, 78
"c:\Users\yzc\Desktop\showTheVibe\src\uni_modules\uni-id-pages\uniCloud\cloudfunctions\uni-id-co\module\login\login-by-baidu.js", "JavaScript", 3, 0, 0, 0, 0, 0, 0, 0, 0, 0, 6, 1, 10
"c:\Users\yzc\Desktop\showTheVibe\src\uni_modules\uni-id-pages\uniCloud\cloudfunctions\uni-id-co\module\login\login-by-dingtalk.js", "JavaScript", 3, 0, 0, 0, 0, 0, 0, 0, 0, 0, 6, 1, 10
"c:\Users\yzc\Desktop\showTheVibe\src\uni_modules\uni-id-pages\uniCloud\cloudfunctions\uni-id-co\module\login\login-by-douyin.js", "JavaScript", 3, 0, 0, 0, 0, 0, 0, 0, 0, 0, 6, 1, 10
"c:\Users\yzc\Desktop\showTheVibe\src\uni_modules\uni-id-pages\uniCloud\cloudfunctions\uni-id-co\module\login\login-by-email-code.js", "JavaScript", 3, 0, 0, 0, 0, 0, 0, 0, 0, 0, 6, 1, 10
"c:\Users\yzc\Desktop\showTheVibe\src\uni_modules\uni-id-pages\uniCloud\cloudfunctions\uni-id-co\module\login\login-by-email-link.js", "JavaScript", 3, 0, 0, 0, 0, 0, 0, 0, 0, 0, 6, 1, 10
"c:\Users\yzc\Desktop\showTheVibe\src\uni_modules\uni-id-pages\uniCloud\cloudfunctions\uni-id-co\module\login\login-by-facebook.js", "JavaScript", 3, 0, 0, 0, 0, 0, 0, 0, 0, 0, 6, 1, 10
"c:\Users\yzc\Desktop\showTheVibe\src\uni_modules\uni-id-pages\uniCloud\cloudfunctions\uni-id-co\module\login\login-by-google.js", "JavaScript", 3, 0, 0, 0, 0, 0, 0, 0, 0, 0, 6, 1, 10
"c:\Users\yzc\Desktop\showTheVibe\src\uni_modules\uni-id-pages\uniCloud\cloudfunctions\uni-id-co\module\login\login-by-qq.js", "JavaScript", 149, 0, 0, 0, 0, 0, 0, 0, 0, 0, 12, 4, 165
"c:\Users\yzc\Desktop\showTheVibe\src\uni_modules\uni-id-pages\uniCloud\cloudfunctions\uni-id-co\module\login\login-by-sms.js", "JavaScript", 84, 0, 0, 0, 0, 0, 0, 0, 0, 0, 10, 6, 100
"c:\Users\yzc\Desktop\showTheVibe\src\uni_modules\uni-id-pages\uniCloud\cloudfunctions\uni-id-co\module\login\login-by-taobao.js", "JavaScript", 3, 0, 0, 0, 0, 0, 0, 0, 0, 0, 6, 1, 10
"c:\Users\yzc\Desktop\showTheVibe\src\uni_modules\uni-id-pages\uniCloud\cloudfunctions\uni-id-co\module\login\login-by-toutiao.js", "JavaScript", 3, 0, 0, 0, 0, 0, 0, 0, 0, 0, 6, 1, 10
"c:\Users\yzc\Desktop\showTheVibe\src\uni_modules\uni-id-pages\uniCloud\cloudfunctions\uni-id-co\module\login\login-by-univerify.js", "JavaScript", 56, 0, 0, 0, 0, 0, 0, 0, 0, 0, 11, 3, 70
"c:\Users\yzc\Desktop\showTheVibe\src\uni_modules\uni-id-pages\uniCloud\cloudfunctions\uni-id-co\module\login\login-by-weibo.js", "JavaScript", 3, 0, 0, 0, 0, 0, 0, 0, 0, 0, 6, 1, 10
"c:\Users\yzc\Desktop\showTheVibe\src\uni_modules\uni-id-pages\uniCloud\cloudfunctions\uni-id-co\module\login\login-by-weixin-mobile.js", "JavaScript", 88, 0, 0, 0, 0, 0, 0, 0, 0, 0, 9, 10, 107
"c:\Users\yzc\Desktop\showTheVibe\src\uni_modules\uni-id-pages\uniCloud\cloudfunctions\uni-id-co\module\login\login-by-weixin.js", "JavaScript", 154, 0, 0, 0, 0, 0, 0, 0, 0, 0, 11, 5, 170
"c:\Users\yzc\Desktop\showTheVibe\src\uni_modules\uni-id-pages\uniCloud\cloudfunctions\uni-id-co\module\login\login.js", "JavaScript", 82, 0, 0, 0, 0, 0, 0, 0, 0, 0, 11, 2, 95
"c:\Users\yzc\Desktop\showTheVibe\src\uni_modules\uni-id-pages\uniCloud\cloudfunctions\uni-id-co\module\logout\index.js", "JavaScript", 3, 0, 0, 0, 0, 0, 0, 0, 0, 0, 0, 1, 4
"c:\Users\yzc\Desktop\showTheVibe\src\uni_modules\uni-id-pages\uniCloud\cloudfunctions\uni-id-co\module\logout\logout.js", "JavaScript", 9, 0, 0, 0, 0, 0, 0, 0, 0, 0, 5, 2, 16
"c:\Users\yzc\Desktop\showTheVibe\src\uni_modules\uni-id-pages\uniCloud\cloudfunctions\uni-id-co\module\multi-end\authorize-app-login.js", "JavaScript", 28, 0, 0, 0, 0, 0, 0, 0, 0, 0, 8, 2, 38
"c:\Users\yzc\Desktop\showTheVibe\src\uni_modules\uni-id-pages\uniCloud\cloudfunctions\uni-id-co\module\multi-end\index.js", "JavaScript", 5, 0, 0, 0, 0, 0, 0, 0, 0, 0, 0, 1, 6
"c:\Users\yzc\Desktop\showTheVibe\src\uni_modules\uni-id-pages\uniCloud\cloudfunctions\uni-id-co\module\multi-end\remove-authorized-app.js", "JavaScript", 21, 0, 0, 0, 0, 0, 0, 0, 0, 0, 8, 2, 31
"c:\Users\yzc\Desktop\showTheVibe\src\uni_modules\uni-id-pages\uniCloud\cloudfunctions\uni-id-co\module\multi-end\set-authorized-app.js", "JavaScript", 27, 0, 0, 0, 0, 0, 0, 0, 0, 0, 8, 2, 37
"c:\Users\yzc\Desktop\showTheVibe\src\uni_modules\uni-id-pages\uniCloud\cloudfunctions\uni-id-co\module\multi-end\utils.js", "JavaScript", 33, 0, 0, 0, 0, 0, 0, 0, 0, 0, 0, 4, 37
"c:\Users\yzc\Desktop\showTheVibe\src\uni_modules\uni-id-pages\uniCloud\cloudfunctions\uni-id-co\module\register\index.js", "JavaScript", 5, 0, 0, 0, 0, 0, 0, 0, 0, 0, 0, 1, 6
"c:\Users\yzc\Desktop\showTheVibe\src\uni_modules\uni-id-pages\uniCloud\cloudfunctions\uni-id-co\module\register\register-admin.js", "JavaScript", 61, 0, 0, 0, 0, 0, 0, 0, 0, 0, 9, 3, 73
"c:\Users\yzc\Desktop\showTheVibe\src\uni_modules\uni-id-pages\uniCloud\cloudfunctions\uni-id-co\module\register\register-user-by-email.js", "JavaScript", 72, 0, 0, 0, 0, 0, 0, 0, 0, 0, 12, 4, 88
"c:\Users\yzc\Desktop\showTheVibe\src\uni_modules\uni-id-pages\uniCloud\cloudfunctions\uni-id-co\module\register\register-user.js", "JavaScript", 54, 0, 0, 0, 0, 0, 0, 0, 0, 0, 11, 4, 69
"c:\Users\yzc\Desktop\showTheVibe\src\uni_modules\uni-id-pages\uniCloud\cloudfunctions\uni-id-co\module\relate\bind-alipay.js", "JavaScript", 53, 0, 0, 0, 0, 0, 0, 0, 0, 0, 7, 4, 64
"c:\Users\yzc\Desktop\showTheVibe\src\uni_modules\uni-id-pages\uniCloud\cloudfunctions\uni-id-co\module\relate\bind-apple.js", "JavaScript", 53, 0, 0, 0, 0, 0, 0, 0, 0, 0, 7, 3, 63
"c:\Users\yzc\Desktop\showTheVibe\src\uni_modules\uni-id-pages\uniCloud\cloudfunctions\uni-id-co\module\relate\bind-mobile-by-mp-weixin.js", "JavaScript", 81, 0, 0, 0, 0, 0, 0, 0, 0, 0, 16, 8, 105
"c:\Users\yzc\Desktop\showTheVibe\src\uni_modules\uni-id-pages\uniCloud\cloudfunctions\uni-id-co\module\relate\bind-mobile-by-sms.js", "JavaScript", 78, 0, 0, 0, 0, 0, 0, 0, 0, 0, 11, 4, 93
"c:\Users\yzc\Desktop\showTheVibe\src\uni_modules\uni-id-pages\uniCloud\cloudfunctions\uni-id-co\module\relate\bind-mobile-by-univerify.js", "JavaScript", 58, 0, 0, 0, 0, 0, 0, 0, 0, 0, 10, 3, 71
"c:\Users\yzc\Desktop\showTheVibe\src\uni_modules\uni-id-pages\uniCloud\cloudfunctions\uni-id-co\module\relate\bind-qq.js", "JavaScript", 97, 0, 0, 0, 0, 0, 0, 0, 0, 0, 10, 4, 111
"c:\Users\yzc\Desktop\showTheVibe\src\uni_modules\uni-id-pages\uniCloud\cloudfunctions\uni-id-co\module\relate\bind-weixin.js", "JavaScript", 88, 0, 0, 0, 0, 0, 0, 0, 0, 0, 8, 5, 101
"c:\Users\yzc\Desktop\showTheVibe\src\uni_modules\uni-id-pages\uniCloud\cloudfunctions\uni-id-co\module\relate\index.js", "JavaScript", 13, 0, 0, 0, 0, 0, 0, 0, 0, 0, 0, 1, 14
"c:\Users\yzc\Desktop\showTheVibe\src\uni_modules\uni-id-pages\uniCloud\cloudfunctions\uni-id-co\module\relate\unbind-alipay.js", "JavaScript", 24, 0, 0, 0, 0, 0, 0, 0, 0, 0, 5, 4, 33
"c:\Users\yzc\Desktop\showTheVibe\src\uni_modules\uni-id-pages\uniCloud\cloudfunctions\uni-id-co\module\relate\unbind-apple.js", "JavaScript", 24, 0, 0, 0, 0, 0, 0, 0, 0, 0, 5, 4, 33
"c:\Users\yzc\Desktop\showTheVibe\src\uni_modules\uni-id-pages\uniCloud\cloudfunctions\uni-id-co\module\relate\unbind-qq.js", "JavaScript", 38, 0, 0, 0, 0, 0, 0, 0, 0, 0, 5, 4, 47
"c:\Users\yzc\Desktop\showTheVibe\src\uni_modules\uni-id-pages\uniCloud\cloudfunctions\uni-id-co\module\relate\unbind-weixin.js", "JavaScript", 32, 0, 0, 0, 0, 0, 0, 0, 0, 0, 5, 4, 41
"c:\Users\yzc\Desktop\showTheVibe\src\uni_modules\uni-id-pages\uniCloud\cloudfunctions\uni-id-co\module\utils\index.js", "JavaScript", 5, 0, 0, 0, 0, 0, 0, 0, 0, 0, 0, 1, 6
"c:\Users\yzc\Desktop\showTheVibe\src\uni_modules\uni-id-pages\uniCloud\cloudfunctions\uni-id-co\module\utils\refresh-token.js", "JavaScript", 15, 0, 0, 0, 0, 0, 0, 0, 0, 0, 4, 1, 20
"c:\Users\yzc\Desktop\showTheVibe\src\uni_modules\uni-id-pages\uniCloud\cloudfunctions\uni-id-co\module\utils\secure-network-handshake-by-weixin.js", "JavaScript", 63, 0, 0, 0, 0, 0, 0, 0, 0, 0, 8, 3, 74
"c:\Users\yzc\Desktop\showTheVibe\src\uni_modules\uni-id-pages\uniCloud\cloudfunctions\uni-id-co\module\utils\set-push-cid.js", "JavaScript", 127, 0, 0, 0, 0, 0, 0, 0, 0, 0, 9, 6, 142
"c:\Users\yzc\Desktop\showTheVibe\src\uni_modules\uni-id-pages\uniCloud\cloudfunctions\uni-id-co\module\verify\create-captcha.js", "JavaScript", 25, 0, 0, 0, 0, 0, 0, 0, 0, 0, 7, 3, 35
"c:\Users\yzc\Desktop\showTheVibe\src\uni_modules\uni-id-pages\uniCloud\cloudfunctions\uni-id-co\module\verify\index.js", "JavaScript", 7, 0, 0, 0, 0, 0, 0, 0, 0, 0, 0, 1, 8
"c:\Users\yzc\Desktop\showTheVibe\src\uni_modules\uni-id-pages\uniCloud\cloudfunctions\uni-id-co\module\verify\refresh-captcha.js", "JavaScript", 25, 0, 0, 0, 0, 0, 0, 0, 0, 0, 7, 3, 35
"c:\Users\yzc\Desktop\showTheVibe\src\uni_modules\uni-id-pages\uniCloud\cloudfunctions\uni-id-co\module\verify\send-email-code.js", "JavaScript", 42, 0, 0, 0, 0, 0, 0, 0, 0, 0, 12, 7, 61
"c:\Users\yzc\Desktop\showTheVibe\src\uni_modules\uni-id-pages\uniCloud\cloudfunctions\uni-id-co\module\verify\send-email-link.js", "JavaScript", 3, 0, 0, 0, 0, 0, 0, 0, 0, 0, 9, 1, 13
"c:\Users\yzc\Desktop\showTheVibe\src\uni_modules\uni-id-pages\uniCloud\cloudfunctions\uni-id-co\module\verify\send-sms-code.js", "JavaScript", 57, 0, 0, 0, 0, 0, 0, 0, 0, 0, 11, 4, 72
"c:\Users\yzc\Desktop\showTheVibe\src\uni_modules\uni-id-pages\uniCloud\cloudfunctions\uni-id-co\package-lock.json", "JSON", 0, 0, 0, 0, 0, 148, 0, 0, 0, 0, 0, 1, 149
"c:\Users\yzc\Desktop\showTheVibe\src\uni_modules\uni-id-pages\uniCloud\cloudfunctions\uni-id-co\package.json", "JSON", 0, 0, 0, 0, 0, 23, 0, 0, 0, 0, 0, 1, 24
"c:\Users\yzc\Desktop\showTheVibe\src\uni_modules\uni-id-pages\uniCloud\database\opendb-device.schema.json", "JSON", 0, 0, 0, 0, 0, 142, 0, 0, 0, 0, 0, 0, 142
"c:\Users\yzc\Desktop\showTheVibe\src\uni_modules\uni-id-pages\uniCloud\database\uni-id-device.schema.json", "JSON", 0, 0, 0, 0, 0, 83, 0, 0, 0, 0, 0, 0, 83
"c:\Users\yzc\Desktop\showTheVibe\src\uni_modules\uni-id-pages\uniCloud\database\uni-id-log.schema.json", "JSON", 0, 0, 0, 0, 0, 71, 0, 0, 0, 0, 0, 1, 72
"c:\Users\yzc\Desktop\showTheVibe\src\uni_modules\uni-id-pages\uniCloud\database\uni-id-permissions.schema.json", "JSON", 0, 0, 0, 0, 0, 52, 0, 0, 0, 0, 0, 1, 53
"c:\Users\yzc\Desktop\showTheVibe\src\uni_modules\uni-id-pages\uniCloud\database\uni-id-roles.schema.json", "JSON", 0, 0, 0, 0, 0, 50, 0, 0, 0, 0, 0, 1, 51
"c:\Users\yzc\Desktop\showTheVibe\src\uni_modules\uni-id-pages\uniCloud\database\uni-id-users.schema.json", "JSON", 0, 0, 0, 0, 0, 464, 0, 0, 0, 0, 0, 1, 465
"c:\Users\yzc\Desktop\showTheVibe\src\uni_modules\uni-list\changelog.md", "Markdown", 0, 0, 0, 0, 24, 0, 0, 0, 0, 0, 0, 1, 25
"c:\Users\yzc\Desktop\showTheVibe\src\uni_modules\uni-list\components\uni-list-ad\uni-list-ad.vue", "Vue", 0, 0, 0, 0, 0, 0, 0, 0, 94, 0, 4, 10, 108
"c:\Users\yzc\Desktop\showTheVibe\src\uni_modules\uni-list\components\uni-list-chat\uni-list-chat.scss", "SCSS", 0, 0, 0, 0, 0, 0, 25, 0, 0, 0, 23, 11, 59
"c:\Users\yzc\Desktop\showTheVibe\src\uni_modules\uni-list\components\uni-list-chat\uni-list-chat.vue", "Vue", 0, 0, 0, 0, 0, 0, 0, 0, 507, 0, 5, 40, 552
"c:\Users\yzc\Desktop\showTheVibe\src\uni_modules\uni-list\components\uni-list-item\uni-list-item.vue", "Vue", 0, 0, 0, 0, 0, 0, 0, 0, 457, 0, 4, 27, 488
"c:\Users\yzc\Desktop\showTheVibe\src\uni_modules\uni-list\components\uni-list\uni-list.vue", "Vue", 0, 0, 0, 0, 0, 0, 0, 0, 112, 0, 4, 8, 124
"c:\Users\yzc\Desktop\showTheVibe\src\uni_modules\uni-list\components\uni-list\uni-refresh.vue", "Vue", 0, 0, 0, 0, 0, 0, 0, 0, 59, 0, 4, 3, 66
"c:\Users\yzc\Desktop\showTheVibe\src\uni_modules\uni-list\components\uni-list\uni-refresh.wxs", "JavaScript", 71, 0, 0, 0, 0, 0, 0, 0, 0, 0, 2, 15, 88
"c:\Users\yzc\Desktop\showTheVibe\src\uni_modules\uni-list\package.json", "JSON", 0, 0, 0, 0, 0, 88, 0, 0, 0, 0, 0, 0, 88
"c:\Users\yzc\Desktop\showTheVibe\src\uni_modules\uni-list\readme.md", "Markdown", 0, 0, 0, 0, 245, 0, 0, 0, 0, 0, 10, 91, 346
"c:\Users\yzc\Desktop\showTheVibe\src\uni_modules\uni-load-more\changelog.md", "Markdown", 0, 0, 0, 0, 19, 0, 0, 0, 0, 0, 0, 1, 20
"c:\Users\yzc\Desktop\showTheVibe\src\uni_modules\uni-load-more\components\uni-load-more\i18n\en.json", "JSON", 0, 0, 0, 0, 0, 5, 0, 0, 0, 0, 0, 1, 6
"c:\Users\yzc\Desktop\showTheVibe\src\uni_modules\uni-load-more\components\uni-load-more\i18n\index.js", "JavaScript", 8, 0, 0, 0, 0, 0, 0, 0, 0, 0, 0, 1, 9
"c:\Users\yzc\Desktop\showTheVibe\src\uni_modules\uni-load-more\components\uni-load-more\i18n\zh-Hans.json", "JSON", 0, 0, 0, 0, 0, 5, 0, 0, 0, 0, 0, 1, 6
"c:\Users\yzc\Desktop\showTheVibe\src\uni_modules\uni-load-more\components\uni-load-more\i18n\zh-Hant.json", "JSON", 0, 0, 0, 0, 0, 5, 0, 0, 0, 0, 0, 1, 6
"c:\Users\yzc\Desktop\showTheVibe\src\uni_modules\uni-load-more\components\uni-load-more\uni-load-more.vue", "Vue", 0, 0, 0, 0, 0, 0, 0, 0, 339, 0, 8, 53, 400
"c:\Users\yzc\Desktop\showTheVibe\src\uni_modules\uni-load-more\package.json", "JSON", 0, 0, 0, 0, 0, 86, 0, 0, 0, 0, 0, 0, 86
"c:\Users\yzc\Desktop\showTheVibe\src\uni_modules\uni-load-more\readme.md", "Markdown", 0, 0, 0, 0, 6, 0, 0, 0, 0, 0, 0, 9, 15
"c:\Users\yzc\Desktop\showTheVibe\src\uni_modules\uni-nav-bar\changelog.md", "Markdown", 0, 0, 0, 0, 44, 0, 0, 0, 0, 0, 0, 4, 48
"c:\Users\yzc\Desktop\showTheVibe\src\uni_modules\uni-nav-bar\components\uni-nav-bar\uni-nav-bar.vue", "Vue", 0, 0, 0, 0, 0, 0, 0, 0, 332, 0, 2, 24, 358
"c:\Users\yzc\Desktop\showTheVibe\src\uni_modules\uni-nav-bar\components\uni-nav-bar\uni-status-bar.vue", "Vue", 0, 0, 0, 0, 0, 0, 0, 0, 25, 0, 0, 3, 28
"c:\Users\yzc\Desktop\showTheVibe\src\uni_modules\uni-nav-bar\package.json", "JSON", 0, 0, 0, 0, 0, 86, 0, 0, 0, 0, 0, 0, 86
"c:\Users\yzc\Desktop\showTheVibe\src\uni_modules\uni-nav-bar\readme.md", "Markdown", 0, 0, 0, 0, 6, 0, 0, 0, 0, 0, 0, 10, 16
"c:\Users\yzc\Desktop\showTheVibe\src\uni_modules\uni-open-bridge-common\changelog.md", "Markdown", 0, 0, 0, 0, 8, 0, 0, 0, 0, 0, 0, 1, 9
"c:\Users\yzc\Desktop\showTheVibe\src\uni_modules\uni-open-bridge-common\package.json", "JSON", 0, 0, 0, 0, 0, 84, 0, 0, 0, 0, 0, 0, 84
"c:\Users\yzc\Desktop\showTheVibe\src\uni_modules\uni-open-bridge-common\readme.md", "Markdown", 0, 0, 0, 0, 3, 0, 0, 0, 0, 0, 0, 3, 6
"c:\Users\yzc\Desktop\showTheVibe\src\uni_modules\uni-open-bridge-common\uniCloud\cloudfunctions\common\uni-open-bridge-common\bridge-error.js", "JavaScript", 19, 0, 0, 0, 0, 0, 0, 0, 0, 0, 0, 8, 27
"c:\Users\yzc\Desktop\showTheVibe\src\uni_modules\uni-open-bridge-common\uniCloud\cloudfunctions\common\uni-open-bridge-common\config.js", "JavaScript", 73, 0, 0, 0, 0, 0, 0, 0, 0, 0, 0, 23, 96
"c:\Users\yzc\Desktop\showTheVibe\src\uni_modules\uni-open-bridge-common\uniCloud\cloudfunctions\common\uni-open-bridge-common\consts.js", "JavaScript", 21, 0, 0, 0, 0, 0, 0, 0, 0, 0, 0, 6, 27
"c:\Users\yzc\Desktop\showTheVibe\src\uni_modules\uni-open-bridge-common\uniCloud\cloudfunctions\common\uni-open-bridge-common\index.js", "JavaScript", 171, 0, 0, 0, 0, 0, 0, 0, 0, 0, 1, 50, 222
"c:\Users\yzc\Desktop\showTheVibe\src\uni_modules\uni-open-bridge-common\uniCloud\cloudfunctions\common\uni-open-bridge-common\package.json", "JSON", 0, 0, 0, 0, 0, 15, 0, 0, 0, 0, 0, 0, 15
"c:\Users\yzc\Desktop\showTheVibe\src\uni_modules\uni-open-bridge-common\uniCloud\cloudfunctions\common\uni-open-bridge-common\storage.js", "JavaScript", 96, 0, 0, 0, 0, 0, 0, 0, 0, 0, 1, 21, 118
"c:\Users\yzc\Desktop\showTheVibe\src\uni_modules\uni-open-bridge-common\uniCloud\cloudfunctions\common\uni-open-bridge-common\uni-cloud-cache.js", "JavaScript", 292, 0, 0, 0, 0, 0, 0, 0, 0, 0, 5, 28, 325
"c:\Users\yzc\Desktop\showTheVibe\src\uni_modules\uni-open-bridge-common\uniCloud\cloudfunctions\common\uni-open-bridge-common\validator.js", "JavaScript", 27, 0, 0, 0, 0, 0, 0, 0, 0, 0, 0, 5, 32
"c:\Users\yzc\Desktop\showTheVibe\src\uni_modules\uni-open-bridge-common\uniCloud\cloudfunctions\common\uni-open-bridge-common\weixin-server.js", "JavaScript", 168, 0, 0, 0, 0, 0, 0, 0, 0, 0, 2, 33, 203
"c:\Users\yzc\Desktop\showTheVibe\src\uni_modules\uni-open-bridge-common\uniCloud\database\opendb-open-data.schema.json", "JSON", 0, 0, 0, 0, 0, 18, 0, 0, 0, 0, 1, 1, 20
"c:\Users\yzc\Desktop\showTheVibe\src\uni_modules\uni-popup\changelog.md", "Markdown", 0, 0, 0, 0, 60, 0, 0, 0, 0, 0, 0, 1, 61
"c:\Users\yzc\Desktop\showTheVibe\src\uni_modules\uni-popup\components\uni-popup-dialog\keypress.js", "JavaScript", 42, 0, 0, 0, 0, 0, 0, 0, 0, 0, 3, 1, 46
"c:\Users\yzc\Desktop\showTheVibe\src\uni_modules\uni-popup\components\uni-popup-dialog\uni-popup-dialog.vue", "Vue", 0, 0, 0, 0, 0, 0, 0, 0, 252, 0, 0, 20, 272
"c:\Users\yzc\Desktop\showTheVibe\src\uni_modules\uni-popup\components\uni-popup-message\uni-popup-message.vue", "Vue", 0, 0, 0, 0, 0, 0, 0, 0, 130, 0, 0, 14, 144
"c:\Users\yzc\Desktop\showTheVibe\src\uni_modules\uni-popup\components\uni-popup-share\uni-popup-share.vue", "Vue", 0, 0, 0, 0, 0, 0, 0, 0, 176, 0, 0, 12, 188
"c:\Users\yzc\Desktop\showTheVibe\src\uni_modules\uni-popup\components\uni-popup\i18n\en.json", "JSON", 0, 0, 0, 0, 0, 7, 0, 0, 0, 0, 0, 1, 8
"c:\Users\yzc\Desktop\showTheVibe\src\uni_modules\uni-popup\components\uni-popup\i18n\index.js", "JavaScript", 8, 0, 0, 0, 0, 0, 0, 0, 0, 0, 0, 1, 9
"c:\Users\yzc\Desktop\showTheVibe\src\uni_modules\uni-popup\components\uni-popup\i18n\zh-Hans.json", "JSON", 0, 0, 0, 0, 0, 7, 0, 0, 0, 0, 0, 1, 8
"c:\Users\yzc\Desktop\showTheVibe\src\uni_modules\uni-popup\components\uni-popup\i18n\zh-Hant.json", "JSON", 0, 0, 0, 0, 0, 7, 0, 0, 0, 0, 0, 1, 8
"c:\Users\yzc\Desktop\showTheVibe\src\uni_modules\uni-popup\components\uni-popup\keypress.js", "JavaScript", 39, 0, 0, 0, 0, 0, 0, 0, 0, 0, 6, 1, 46
"c:\Users\yzc\Desktop\showTheVibe\src\uni_modules\uni-popup\components\uni-popup\popup.js", "JavaScript", 21, 0, 0, 0, 0, 0, 0, 0, 0, 0, 3, 3, 27
"c:\Users\yzc\Desktop\showTheVibe\src\uni_modules\uni-popup\components\uni-popup\uni-popup.vue", "Vue", 0, 0, 0, 0, 0, 0, 0, 0, 461, 0, 2, 12, 475
"c:\Users\yzc\Desktop\showTheVibe\src\uni_modules\uni-popup\package.json", "JSON", 0, 0, 0, 0, 0, 90, 0, 0, 0, 0, 0, 1, 91
"c:\Users\yzc\Desktop\showTheVibe\src\uni_modules\uni-popup\readme.md", "Markdown", 0, 0, 0, 0, 7, 0, 0, 0, 0, 0, 0, 11, 18
"c:\Users\yzc\Desktop\showTheVibe\src\uni_modules\uni-scss\changelog.md", "Markdown", 0, 0, 0, 0, 8, 0, 0, 0, 0, 0, 0, 1, 9
"c:\Users\yzc\Desktop\showTheVibe\src\uni_modules\uni-scss\index.scss", "SCSS", 0, 0, 0, 0, 0, 0, 1, 0, 0, 0, 0, 1, 2
"c:\Users\yzc\Desktop\showTheVibe\src\uni_modules\uni-scss\package.json", "JSON", 0, 0, 0, 0, 0, 82, 0, 0, 0, 0, 0, 1, 83
"c:\Users\yzc\Desktop\showTheVibe\src\uni_modules\uni-scss\readme.md", "Markdown", 0, 0, 0, 0, 3, 0, 0, 0, 0, 0, 0, 1, 4
"c:\Users\yzc\Desktop\showTheVibe\src\uni_modules\uni-scss\styles\index.scss", "SCSS", 0, 0, 0, 0, 0, 0, 7, 0, 0, 0, 0, 1, 8
"c:\Users\yzc\Desktop\showTheVibe\src\uni_modules\uni-scss\styles\setting\_border.scss", "SCSS", 0, 0, 0, 0, 0, 0, 3, 0, 0, 0, 0, 0, 3
"c:\Users\yzc\Desktop\showTheVibe\src\uni_modules\uni-scss\styles\setting\_color.scss", "SCSS", 0, 0, 0, 0, 0, 0, 49, 0, 0, 0, 16, 2, 67
"c:\Users\yzc\Desktop\showTheVibe\src\uni_modules\uni-scss\styles\setting\_radius.scss", "SCSS", 0, 0, 0, 0, 0, 0, 52, 0, 0, 0, 1, 3, 56
"c:\Users\yzc\Desktop\showTheVibe\src\uni_modules\uni-scss\styles\setting\_space.scss", "SCSS", 0, 0, 0, 0, 0, 0, 54, 0, 0, 0, 0, 2, 56
"c:\Users\yzc\Desktop\showTheVibe\src\uni_modules\uni-scss\styles\setting\_styles.scss", "SCSS", 0, 0, 0, 0, 0, 0, 149, 0, 0, 0, 3, 16, 168
"c:\Users\yzc\Desktop\showTheVibe\src\uni_modules\uni-scss\styles\setting\_text.scss", "SCSS", 0, 0, 0, 0, 0, 0, 19, 0, 0, 0, 4, 2, 25
"c:\Users\yzc\Desktop\showTheVibe\src\uni_modules\uni-scss\styles\setting\_variables.scss", "SCSS", 0, 0, 0, 0, 0, 0, 103, 0, 0, 0, 29, 15, 147
"c:\Users\yzc\Desktop\showTheVibe\src\uni_modules\uni-scss\styles\tools\functions.scss", "SCSS", 0, 0, 0, 0, 0, 0, 17, 0, 0, 0, 1, 2, 20
"c:\Users\yzc\Desktop\showTheVibe\src\uni_modules\uni-scss\theme.scss", "SCSS", 0, 0, 0, 0, 0, 0, 19, 0, 0, 0, 11, 2, 32
"c:\Users\yzc\Desktop\showTheVibe\src\uni_modules\uni-scss\variables.scss", "SCSS", 0, 0, 0, 0, 0, 0, 37, 0, 0, 0, 13, 13, 63
"c:\Users\yzc\Desktop\showTheVibe\src\uni_modules\uni-search-bar\changelog.md", "Markdown", 0, 0, 0, 0, 31, 0, 0, 0, 0, 0, 0, 3, 34
"c:\Users\yzc\Desktop\showTheVibe\src\uni_modules\uni-search-bar\components\uni-search-bar\i18n\en.json", "JSON", 0, 0, 0, 0, 0, 4, 0, 0, 0, 0, 0, 0, 4
"c:\Users\yzc\Desktop\showTheVibe\src\uni_modules\uni-search-bar\components\uni-search-bar\i18n\index.js", "JavaScript", 8, 0, 0, 0, 0, 0, 0, 0, 0, 0, 0, 1, 9
"c:\Users\yzc\Desktop\showTheVibe\src\uni_modules\uni-search-bar\components\uni-search-bar\i18n\zh-Hans.json", "JSON", 0, 0, 0, 0, 0, 4, 0, 0, 0, 0, 0, 1, 5
"c:\Users\yzc\Desktop\showTheVibe\src\uni_modules\uni-search-bar\components\uni-search-bar\i18n\zh-Hant.json", "JSON", 0, 0, 0, 0, 0, 4, 0, 0, 0, 0, 0, 1, 5
"c:\Users\yzc\Desktop\showTheVibe\src\uni_modules\uni-search-bar\components\uni-search-bar\uni-search-bar.vue", "Vue", 0, 0, 0, 0, 0, 0, 0, 0, 287, 0, 0, 12, 299
"c:\Users\yzc\Desktop\showTheVibe\src\uni_modules\uni-search-bar\package.json", "JSON", 0, 0, 0, 0, 0, 89, 0, 0, 0, 0, 0, 0, 89
"c:\Users\yzc\Desktop\showTheVibe\src\uni_modules\uni-search-bar\readme.md", "Markdown", 0, 0, 0, 0, 6, 0, 0, 0, 0, 0, 0, 9, 15
"c:\Users\yzc\Desktop\showTheVibe\src\uni_modules\uni-transition\changelog.md", "Markdown", 0, 0, 0, 0, 20, 0, 0, 0, 0, 0, 0, 1, 21
"c:\Users\yzc\Desktop\showTheVibe\src\uni_modules\uni-transition\components\uni-transition\createAnimation.js", "JavaScript", 100, 0, 0, 0, 0, 0, 0, 0, 0, 0, 20, 9, 129
"c:\Users\yzc\Desktop\showTheVibe\src\uni_modules\uni-transition\components\uni-transition\uni-transition.vue", "Vue", 0, 0, 0, 0, 0, 0, 0, 0, 273, 0, 0, 5, 278
"c:\Users\yzc\Desktop\showTheVibe\src\uni_modules\uni-transition\package.json", "JSON", 0, 0, 0, 0, 0, 87, 0, 0, 0, 0, 0, 0, 87
"c:\Users\yzc\Desktop\showTheVibe\src\uni_modules\uni-transition\readme.md", "Markdown", 0, 0, 0, 0, 6, 0, 0, 0, 0, 0, 0, 5, 11
"c:\Users\yzc\Desktop\showTheVibe\src\uni_modules\vk-uview-ui\changelog.md", "Markdown", 0, 0, 0, 0, 131, 0, 0, 0, 0, 0, 0, 3, 134
"c:\Users\yzc\Desktop\showTheVibe\src\uni_modules\vk-uview-ui\components\u-action-sheet\u-action-sheet.vue", "Vue", 0, 0, 0, 0, 0, 0, 0, 0, 237, 0, 0, 10, 247
"c:\Users\yzc\Desktop\showTheVibe\src\uni_modules\vk-uview-ui\components\u-alert-tips\u-alert-tips.vue", "Vue", 0, 0, 0, 0, 0, 0, 0, 0, 237, 0, 0, 21, 258
"c:\Users\yzc\Desktop\showTheVibe\src\uni_modules\vk-uview-ui\components\u-avatar-cropper\u-avatar-cropper.vue", "Vue", 0, 0, 0, 0, 0, 0, 0, 0, 273, 0, 4, 14, 291
"c:\Users\yzc\Desktop\showTheVibe\src\uni_modules\vk-uview-ui\components\u-avatar-cropper\weCropper.js", "JavaScript", 920, 0, 0, 0, 0, 0, 0, 0, 0, 0, 180, 157, 1257
"c:\Users\yzc\Desktop\showTheVibe\src\uni_modules\vk-uview-ui\components\u-avatar\u-avatar.vue", "Vue", 0, 0, 0, 0, 0, 0, 0, 0, 254, 0, 0, 10, 264
"c:\Users\yzc\Desktop\showTheVibe\src\uni_modules\vk-uview-ui\components\u-back-top\u-back-top.vue", "Vue", 0, 0, 0, 0, 0, 0, 0, 0, 148, 0, 0, 6, 154
"c:\Users\yzc\Desktop\showTheVibe\src\uni_modules\vk-uview-ui\components\u-badge\u-badge.vue", "Vue", 0, 0, 0, 0, 0, 0, 0, 0, 200, 0, 0, 17, 217
"c:\Users\yzc\Desktop\showTheVibe\src\uni_modules\vk-uview-ui\components\u-button\u-button.vue", "Vue", 0, 0, 0, 0, 0, 0, 0, 0, 563, 0, 0, 40, 603
"c:\Users\yzc\Desktop\showTheVibe\src\uni_modules\vk-uview-ui\components\u-calendar\u-calendar.vue", "Vue", 0, 0, 0, 0, 0, 0, 0, 0, 641, 0, 1, 25, 667
"c:\Users\yzc\Desktop\showTheVibe\src\uni_modules\vk-uview-ui\components\u-car-keyboard\u-car-keyboard.vue", "Vue", 0, 0, 0, 0, 0, 0, 0, 0, 254, 0, 0, 14, 268
"c:\Users\yzc\Desktop\showTheVibe\src\uni_modules\vk-uview-ui\components\u-card\u-card.vue", "Vue", 0, 0, 0, 0, 0, 0, 0, 0, 289, 0, 0, 12, 301
"c:\Users\yzc\Desktop\showTheVibe\src\uni_modules\vk-uview-ui\components\u-cell-group\u-cell-group.vue", "Vue", 0, 0, 0, 0, 0, 0, 0, 0, 65, 0, 0, 6, 71
"c:\Users\yzc\Desktop\showTheVibe\src\uni_modules\vk-uview-ui\components\u-cell-item\u-cell-item.vue", "Vue", 0, 0, 0, 0, 0, 0, 0, 0, 300, 0, 0, 18, 318
"c:\Users\yzc\Desktop\showTheVibe\src\uni_modules\vk-uview-ui\components\u-checkbox-group\u-checkbox-group.vue", "Vue", 0, 0, 0, 0, 0, 0, 0, 0, 174, 0, 0, 5, 179
"c:\Users\yzc\Desktop\showTheVibe\src\uni_modules\vk-uview-ui\components\u-checkbox\u-checkbox.vue", "Vue", 0, 0, 0, 0, 0, 0, 0, 0, 309, 0, 0, 14, 323
"c:\Users\yzc\Desktop\showTheVibe\src\uni_modules\vk-uview-ui\components\u-circle-progress\u-circle-progress.vue", "Vue", 0, 0, 0, 0, 0, 0, 0, 0, 215, 0, 1, 5, 221
"c:\Users\yzc\Desktop\showTheVibe\src\uni_modules\vk-uview-ui\components\u-col\u-col.vue", "Vue", 0, 0, 0, 0, 0, 0, 0, 0, 140, 0, 0, 17, 157
"c:\Users\yzc\Desktop\showTheVibe\src\uni_modules\vk-uview-ui\components\u-collapse-item\u-collapse-item.vue", "Vue", 0, 0, 0, 0, 0, 0, 0, 0, 196, 0, 0, 11, 207
"c:\Users\yzc\Desktop\showTheVibe\src\uni_modules\vk-uview-ui\components\u-collapse\u-collapse.vue", "Vue", 0, 0, 0, 0, 0, 0, 0, 0, 97, 0, 0, 4, 101
"c:\Users\yzc\Desktop\showTheVibe\src\uni_modules\vk-uview-ui\components\u-column-notice\u-column-notice.vue", "Vue", 0, 0, 0, 0, 0, 0, 0, 0, 230, 0, 0, 9, 239
"c:\Users\yzc\Desktop\showTheVibe\src\uni_modules\vk-uview-ui\components\u-count-down\u-count-down.vue", "Vue", 0, 0, 0, 0, 0, 0, 0, 0, 172, 0, 0, 4, 176
"c:\Users\yzc\Desktop\showTheVibe\src\uni_modules\vk-uview-ui\components\u-count-down\utils.js", "JavaScript", 58, 0, 0, 0, 0, 0, 0, 0, 0, 0, 4, 1, 63
"c:\Users\yzc\Desktop\showTheVibe\src\uni_modules\vk-uview-ui\components\u-count-to\u-count-to.vue", "Vue", 0, 0, 0, 0, 0, 0, 0, 0, 261, 0, 0, 6, 267
"c:\Users\yzc\Desktop\showTheVibe\src\uni_modules\vk-uview-ui\components\u-divider\u-divider.vue", "Vue", 0, 0, 0, 0, 0, 0, 0, 0, 144, 0, 0, 10, 154
"c:\Users\yzc\Desktop\showTheVibe\src\uni_modules\vk-uview-ui\components\u-dropdown-item\u-dropdown-item.vue", "Vue", 0, 0, 0, 0, 0, 0, 0, 0, 163, 0, 0, 4, 167
"c:\Users\yzc\Desktop\showTheVibe\src\uni_modules\vk-uview-ui\components\u-dropdown\u-dropdown.vue", "Vue", 0, 0, 0, 0, 0, 0, 0, 0, 286, 0, 0, 14, 300
"c:\Users\yzc\Desktop\showTheVibe\src\uni_modules\vk-uview-ui\components\u-empty\u-empty.vue", "Vue", 0, 0, 0, 0, 0, 0, 0, 0, 187, 0, 0, 7, 194
"c:\Users\yzc\Desktop\showTheVibe\src\uni_modules\vk-uview-ui\components\u-field\u-field.vue", "Vue", 0, 0, 0, 0, 0, 0, 0, 0, 381, 0, 0, 22, 403
"c:\Users\yzc\Desktop\showTheVibe\src\uni_modules\vk-uview-ui\components\u-form-item\u-form-item.vue", "Vue", 0, 0, 0, 0, 0, 0, 0, 0, 477, 0, 3, 30, 510
"c:\Users\yzc\Desktop\showTheVibe\src\uni_modules\vk-uview-ui\components\u-form\u-form.vue", "Vue", 0, 0, 0, 0, 0, 0, 0, 0, 143, 0, 0, 6, 149
"c:\Users\yzc\Desktop\showTheVibe\src\uni_modules\vk-uview-ui\components\u-full-screen\u-full-screen.vue", "Vue", 0, 0, 0, 0, 0, 0, 0, 0, 48, 0, 0, 5, 53
"c:\Users\yzc\Desktop\showTheVibe\src\uni_modules\vk-uview-ui\components\u-gap\u-gap.vue", "Vue", 0, 0, 0, 0, 0, 0, 0, 0, 52, 0, 0, 3, 55
"c:\Users\yzc\Desktop\showTheVibe\src\uni_modules\vk-uview-ui\components\u-grid-item\u-grid-item.vue", "Vue", 0, 0, 0, 0, 0, 0, 0, 0, 119, 0, 0, 9, 128
"c:\Users\yzc\Desktop\showTheVibe\src\uni_modules\vk-uview-ui\components\u-grid\u-grid.vue", "Vue", 0, 0, 0, 0, 0, 0, 0, 0, 105, 0, 0, 5, 110
"c:\Users\yzc\Desktop\showTheVibe\src\uni_modules\vk-uview-ui\components\u-icon\u-icon.vue", "Vue", 0, 0, 0, 0, 0, 0, 0, 0, 351, 0, 1, 18, 370
"c:\Users\yzc\Desktop\showTheVibe\src\uni_modules\vk-uview-ui\components\u-image\u-image.vue", "Vue", 0, 0, 0, 0, 0, 0, 0, 0, 264, 0, 0, 6, 270
"c:\Users\yzc\Desktop\showTheVibe\src\uni_modules\vk-uview-ui\components\u-index-anchor\u-index-anchor.vue", "Vue", 0, 0, 0, 0, 0, 0, 0, 0, 84, 0, 1, 5, 90
"c:\Users\yzc\Desktop\showTheVibe\src\uni_modules\vk-uview-ui\components\u-index-list\u-index-list.vue", "Vue", 0, 0, 0, 0, 0, 0, 0, 0, 306, 0, 1, 9, 316
"c:\Users\yzc\Desktop\showTheVibe\src\uni_modules\vk-uview-ui\components\u-input\u-input.vue", "Vue", 0, 0, 0, 0, 0, 0, 0, 0, 448, 0, 0, 13, 461
"c:\Users\yzc\Desktop\showTheVibe\src\uni_modules\vk-uview-ui\components\u-keyboard\u-keyboard.vue", "Vue", 0, 0, 0, 0, 0, 0, 0, 0, 274, 0, 0, 12, 286
"c:\Users\yzc\Desktop\showTheVibe\src\uni_modules\vk-uview-ui\components\u-lazy-load\u-lazy-load.vue", "Vue", 0, 0, 0, 0, 0, 0, 0, 0, 248, 0, 0, 7, 255
"c:\Users\yzc\Desktop\showTheVibe\src\uni_modules\vk-uview-ui\components\u-line-progress\u-line-progress.vue", "Vue", 0, 0, 0, 0, 0, 0, 0, 0, 137, 0, 0, 11, 148
"c:\Users\yzc\Desktop\showTheVibe\src\uni_modules\vk-uview-ui\components\u-line\u-line.vue", "Vue", 0, 0, 0, 0, 0, 0, 0, 0, 80, 0, 0, 5, 85
"c:\Users\yzc\Desktop\showTheVibe\src\uni_modules\vk-uview-ui\components\u-link\u-link.vue", "Vue", 0, 0, 0, 0, 0, 0, 0, 0, 86, 0, 0, 4, 90
"c:\Users\yzc\Desktop\showTheVibe\src\uni_modules\vk-uview-ui\components\u-loading-page\u-loading-page.vue", "Vue", 0, 0, 0, 0, 0, 0, 0, 0, 18, 0, 0, 8, 26
"c:\Users\yzc\Desktop\showTheVibe\src\uni_modules\vk-uview-ui\components\u-loading\u-loading.vue", "Vue", 0, 0, 0, 0, 0, 0, 0, 0, 97, 0, 0, 10, 107
"c:\Users\yzc\Desktop\showTheVibe\src\uni_modules\vk-uview-ui\components\u-loadmore\u-loadmore.vue", "Vue", 0, 0, 0, 0, 0, 0, 0, 0, 193, 0, 2, 10, 205
"c:\Users\yzc\Desktop\showTheVibe\src\uni_modules\vk-uview-ui\components\u-mask\u-mask.vue", "Vue", 0, 0, 0, 0, 0, 0, 0, 0, 132, 0, 0, 6, 138
"c:\Users\yzc\Desktop\showTheVibe\src\uni_modules\vk-uview-ui\components\u-message-input\u-message-input.vue", "Vue", 0, 0, 0, 0, 0, 0, 0, 0, 306, 0, 0, 22, 328
"c:\Users\yzc\Desktop\showTheVibe\src\uni_modules\vk-uview-ui\components\u-modal\u-modal.vue", "Vue", 0, 0, 0, 0, 0, 0, 0, 0, 330, 0, 0, 10, 340
"c:\Users\yzc\Desktop\showTheVibe\src\uni_modules\vk-uview-ui\components\u-navbar\u-navbar.vue", "Vue", 0, 0, 0, 0, 0, 0, 0, 0, 301, 0, 1, 14, 316
"c:\Users\yzc\Desktop\showTheVibe\src\uni_modules\vk-uview-ui\components\u-no-network\u-no-network.vue", "Vue", 0, 0, 0, 0, 0, 0, 0, 0, 220, 0, 3, 11, 234
"c:\Users\yzc\Desktop\showTheVibe\src\uni_modules\vk-uview-ui\components\u-notice-bar\u-notice-bar.vue", "Vue", 0, 0, 0, 0, 0, 0, 0, 0, 263, 0, 0, 11, 274
"c:\Users\yzc\Desktop\showTheVibe\src\uni_modules\vk-uview-ui\components\u-number-box\u-number-box.vue", "Vue", 0, 0, 0, 0, 0, 0, 0, 0, 465, 0, 1, 11, 477
"c:\Users\yzc\Desktop\showTheVibe\src\uni_modules\vk-uview-ui\components\u-number-keyboard\u-number-keyboard.vue", "Vue", 0, 0, 0, 0, 0, 0, 0, 0, 162, 0, 0, 9, 171
"c:\Users\yzc\Desktop\showTheVibe\src\uni_modules\vk-uview-ui\components\u-parse\libs\CssHandler.js", "JavaScript", 97, 0, 0, 0, 0, 0, 0, 0, 0, 0, 1, 3, 101
"c:\Users\yzc\Desktop\showTheVibe\src\uni_modules\vk-uview-ui\components\u-parse\libs\MpHtmlParser.js", "JavaScript", 547, 0, 0, 0, 0, 0, 0, 0, 0, 0, 32, 3, 582
"c:\Users\yzc\Desktop\showTheVibe\src\uni_modules\vk-uview-ui\components\u-parse\libs\config.js", "JavaScript", 60, 0, 0, 0, 0, 0, 0, 0, 0, 0, 16, 5, 81
"c:\Users\yzc\Desktop\showTheVibe\src\uni_modules\vk-uview-ui\components\u-parse\libs\trees.vue", "Vue", 0, 0, 0, 0, 0, 0, 0, 0, 479, 0, 18, 41, 538
"c:\Users\yzc\Desktop\showTheVibe\src\uni_modules\vk-uview-ui\components\u-parse\u-parse.vue", "Vue", 0, 0, 0, 0, 0, 0, 0, 0, 662, 0, 8, 7, 677
"c:\Users\yzc\Desktop\showTheVibe\src\uni_modules\vk-uview-ui\components\u-picker\u-picker.vue", "Vue", 0, 0, 0, 0, 0, 0, 0, 0, 870, 0, 1, 25, 896
"c:\Users\yzc\Desktop\showTheVibe\src\uni_modules\vk-uview-ui\components\u-popup\u-popup.vue", "Vue", 0, 0, 0, 0, 0, 0, 0, 0, 458, 0, 1, 22, 481
"c:\Users\yzc\Desktop\showTheVibe\src\uni_modules\vk-uview-ui\components\u-radio-group\u-radio-group.vue", "Vue", 0, 0, 0, 0, 0, 0, 0, 0, 172, 0, 0, 5, 177
"c:\Users\yzc\Desktop\showTheVibe\src\uni_modules\vk-uview-ui\components\u-radio\u-radio.vue", "Vue", 0, 0, 0, 0, 0, 0, 0, 0, 264, 0, 0, 13, 277
"c:\Users\yzc\Desktop\showTheVibe\src\uni_modules\vk-uview-ui\components\u-rate\u-rate.vue", "Vue", 0, 0, 0, 0, 0, 0, 0, 0, 286, 0, 0, 8, 294
"c:\Users\yzc\Desktop\showTheVibe\src\uni_modules\vk-uview-ui\components\u-read-more\u-read-more.vue", "Vue", 0, 0, 0, 0, 0, 0, 0, 0, 173, 0, 0, 8, 181
"c:\Users\yzc\Desktop\showTheVibe\src\uni_modules\vk-uview-ui\components\u-row-notice\u-row-notice.vue", "Vue", 0, 0, 0, 0, 0, 0, 0, 0, 260, 0, 0, 11, 271
"c:\Users\yzc\Desktop\showTheVibe\src\uni_modules\vk-uview-ui\components\u-row\u-row.vue", "Vue", 0, 0, 0, 0, 0, 0, 0, 0, 80, 0, 0, 5, 85
"c:\Users\yzc\Desktop\showTheVibe\src\uni_modules\vk-uview-ui\components\u-search\u-search.vue", "Vue", 0, 0, 0, 0, 0, 0, 0, 0, 346, 0, 0, 12, 358
"c:\Users\yzc\Desktop\showTheVibe\src\uni_modules\vk-uview-ui\components\u-section\u-section.vue", "Vue", 0, 0, 0, 0, 0, 0, 0, 0, 147, 0, 0, 9, 156
"c:\Users\yzc\Desktop\showTheVibe\src\uni_modules\vk-uview-ui\components\u-select\u-select.vue", "Vue", 0, 0, 0, 0, 0, 0, 0, 0, 414, 0, 9, 15, 438
"c:\Users\yzc\Desktop\showTheVibe\src\uni_modules\vk-uview-ui\components\u-skeleton\u-skeleton.vue", "Vue", 0, 0, 0, 0, 0, 0, 0, 0, 193, 0, 0, 7, 200
"c:\Users\yzc\Desktop\showTheVibe\src\uni_modules\vk-uview-ui\components\u-slider\u-slider.vue", "Vue", 0, 0, 0, 0, 0, 0, 0, 0, 281, 0, 0, 10, 291
"c:\Users\yzc\Desktop\showTheVibe\src\uni_modules\vk-uview-ui\components\u-steps\u-steps.vue", "Vue", 0, 0, 0, 0, 0, 0, 0, 0, 183, 0, 0, 18, 201
"c:\Users\yzc\Desktop\showTheVibe\src\uni_modules\vk-uview-ui\components\u-sticky\u-sticky.vue", "Vue", 0, 0, 0, 0, 0, 0, 0, 0, 161, 0, 0, 6, 167
"c:\Users\yzc\Desktop\showTheVibe\src\uni_modules\vk-uview-ui\components\u-subsection\u-subsection.vue", "Vue", 0, 0, 0, 0, 0, 0, 0, 0, 393, 0, 0, 12, 405
"c:\Users\yzc\Desktop\showTheVibe\src\uni_modules\vk-uview-ui\components\u-swipe-action\u-swipe-action.vue", "Vue", 0, 0, 0, 0, 0, 0, 0, 0, 249, 0, 0, 8, 257
"c:\Users\yzc\Desktop\showTheVibe\src\uni_modules\vk-uview-ui\components\u-swiper\u-swiper.vue", "Vue", 0, 0, 0, 0, 0, 0, 0, 0, 416, 0, 0, 17, 433
"c:\Users\yzc\Desktop\showTheVibe\src\uni_modules\vk-uview-ui\components\u-switch\u-switch.vue", "Vue", 0, 0, 0, 0, 0, 0, 0, 0, 182, 0, 0, 10, 192
"c:\Users\yzc\Desktop\showTheVibe\src\uni_modules\vk-uview-ui\components\u-tabbar\u-tabbar.vue", "Vue", 0, 0, 0, 0, 0, 0, 0, 0, 361, 0, 1, 12, 374
"c:\Users\yzc\Desktop\showTheVibe\src\uni_modules\vk-uview-ui\components\u-table\u-table.vue", "Vue", 0, 0, 0, 0, 0, 0, 0, 0, 82, 0, 0, 4, 86
"c:\Users\yzc\Desktop\showTheVibe\src\uni_modules\vk-uview-ui\components\u-tabs-swiper\u-tabs-swiper.vue", "Vue", 0, 0, 0, 0, 0, 0, 0, 0, 470, 0, 0, 20, 490
"c:\Users\yzc\Desktop\showTheVibe\src\uni_modules\vk-uview-ui\components\u-tabs\u-tabs.vue", "Vue", 0, 0, 0, 0, 0, 0, 0, 0, 387, 0, 1, 12, 400
"c:\Users\yzc\Desktop\showTheVibe\src\uni_modules\vk-uview-ui\components\u-tag\u-tag.vue", "Vue", 0, 0, 0, 0, 0, 0, 0, 0, 268, 0, 0, 28, 296
"c:\Users\yzc\Desktop\showTheVibe\src\uni_modules\vk-uview-ui\components\u-td\u-td.vue", "Vue", 0, 0, 0, 0, 0, 0, 0, 0, 62, 0, 0, 5, 67
"c:\Users\yzc\Desktop\showTheVibe\src\uni_modules\vk-uview-ui\components\u-th\u-th.vue", "Vue", 0, 0, 0, 0, 0, 0, 0, 0, 59, 0, 0, 4, 63
"c:\Users\yzc\Desktop\showTheVibe\src\uni_modules\vk-uview-ui\components\u-time-line-item\u-time-line-item.vue", "Vue", 0, 0, 0, 0, 0, 0, 0, 0, 77, 0, 0, 7, 84
"c:\Users\yzc\Desktop\showTheVibe\src\uni_modules\vk-uview-ui\components\u-time-line\u-time-line.vue", "Vue", 0, 0, 0, 0, 0, 0, 0, 0, 38, 0, 0, 6, 44
"c:\Users\yzc\Desktop\showTheVibe\src\uni_modules\vk-uview-ui\components\u-toast\u-toast.vue", "Vue", 0, 0, 0, 0, 0, 0, 0, 0, 206, 0, 0, 15, 221
"c:\Users\yzc\Desktop\showTheVibe\src\uni_modules\vk-uview-ui\components\u-top-tips\u-top-tips.vue", "Vue", 0, 0, 0, 0, 0, 0, 0, 0, 111, 0, 0, 11, 122
"c:\Users\yzc\Desktop\showTheVibe\src\uni_modules\vk-uview-ui\components\u-tr\u-tr.vue", "Vue", 0, 0, 0, 0, 0, 0, 0, 0, 22, 0, 0, 4, 26
"c:\Users\yzc\Desktop\showTheVibe\src\uni_modules\vk-uview-ui\components\u-upload\u-upload.vue", "Vue", 0, 0, 0, 0, 0, 0, 0, 0, 705, 0, 6, 18, 729
"c:\Users\yzc\Desktop\showTheVibe\src\uni_modules\vk-uview-ui\components\u-verification-code\u-verification-code.vue", "Vue", 0, 0, 0, 0, 0, 0, 0, 0, 170, 0, 1, 5, 176
"c:\Users\yzc\Desktop\showTheVibe\src\uni_modules\vk-uview-ui\components\u-waterfall\u-waterfall.vue", "Vue", 0, 0, 0, 0, 0, 0, 0, 0, 193, 0, 0, 7, 200
"c:\Users\yzc\Desktop\showTheVibe\src\uni_modules\vk-uview-ui\components\vk-uview-ui\vk-uview-ui.vue", "Vue", 0, 0, 0, 0, 0, 0, 0, 0, 11, 0, 0, 5, 16
"c:\Users\yzc\Desktop\showTheVibe\src\uni_modules\vk-uview-ui\iconfont.css", "CSS", 0, 0, 0, 0, 0, 0, 0, 680, 0, 0, 8, 223, 911
"c:\Users\yzc\Desktop\showTheVibe\src\uni_modules\vk-uview-ui\index.js", "JavaScript", 88, 0, 0, 0, 0, 0, 0, 0, 0, 0, 48, 10, 146
"c:\Users\yzc\Desktop\showTheVibe\src\uni_modules\vk-uview-ui\index.scss", "SCSS", 0, 0, 0, 0, 0, 0, 6, 0, 0, 0, 13, 4, 23
"c:\Users\yzc\Desktop\showTheVibe\src\uni_modules\vk-uview-ui\libs\address\areas.json", "JSON", 0, 0, 0, 0, 0, 1, 0, 0, 0, 0, 0, 0, 1
"c:\Users\yzc\Desktop\showTheVibe\src\uni_modules\vk-uview-ui\libs\address\citys.json", "JSON", 0, 0, 0, 0, 0, 1, 0, 0, 0, 0, 0, 0, 1
"c:\Users\yzc\Desktop\showTheVibe\src\uni_modules\vk-uview-ui\libs\address\provinces.json", "JSON", 0, 0, 0, 0, 0, 1, 0, 0, 0, 0, 0, 0, 1
"c:\Users\yzc\Desktop\showTheVibe\src\uni_modules\vk-uview-ui\libs\config\config.js", "JavaScript", 12, 0, 0, 0, 0, 0, 0, 0, 0, 0, 2, 1, 15
"c:\Users\yzc\Desktop\showTheVibe\src\uni_modules\vk-uview-ui\libs\config\zIndex.js", "JavaScript", 10, 0, 0, 0, 0, 0, 0, 0, 0, 0, 9, 1, 20
"c:\Users\yzc\Desktop\showTheVibe\src\uni_modules\vk-uview-ui\libs\css\color.scss", "SCSS", 0, 0, 0, 0, 0, 0, 117, 0, 0, 0, 0, 39, 156
"c:\Users\yzc\Desktop\showTheVibe\src\uni_modules\vk-uview-ui\libs\css\common.scss", "SCSS", 0, 0, 0, 0, 0, 0, 121, 0, 0, 0, 22, 33, 176
"c:\Users\yzc\Desktop\showTheVibe\src\uni_modules\vk-uview-ui\libs\css\style.components.scss", "SCSS", 0, 0, 0, 0, 0, 0, 4, 0, 0, 0, 3, 0, 7
"c:\Users\yzc\Desktop\showTheVibe\src\uni_modules\vk-uview-ui\libs\css\style.h5.scss", "SCSS", 0, 0, 0, 0, 0, 0, 7, 0, 0, 0, 1, 1, 9
"c:\Users\yzc\Desktop\showTheVibe\src\uni_modules\vk-uview-ui\libs\css\style.mp.scss", "SCSS", 0, 0, 0, 0, 0, 0, 42, 0, 0, 0, 15, 16, 73
"c:\Users\yzc\Desktop\showTheVibe\src\uni_modules\vk-uview-ui\libs\css\style.nvue.scss", "SCSS", 0, 0, 0, 0, 0, 0, 3, 0, 0, 0, 0, 0, 3
"c:\Users\yzc\Desktop\showTheVibe\src\uni_modules\vk-uview-ui\libs\css\style.vue.scss", "SCSS", 0, 0, 0, 0, 0, 0, 119, 0, 0, 0, 28, 29, 176
"c:\Users\yzc\Desktop\showTheVibe\src\uni_modules\vk-uview-ui\libs\function\$parent.js", "JavaScript", 11, 0, 0, 0, 0, 0, 0, 0, 0, 0, 7, 0, 18
"c:\Users\yzc\Desktop\showTheVibe\src\uni_modules\vk-uview-ui\libs\function\addUnit.js", "JavaScript", 5, 0, 0, 0, 0, 0, 0, 0, 0, 0, 2, 1, 8
"c:\Users\yzc\Desktop\showTheVibe\src\uni_modules\vk-uview-ui\libs\function\bem.js", "JavaScript", 3, 0, 0, 0, 0, 0, 0, 0, 0, 0, 0, 2, 5
"c:\Users\yzc\Desktop\showTheVibe\src\uni_modules\vk-uview-ui\libs\function\color.js", "JavaScript", 29, 0, 0, 0, 0, 0, 0, 0, 0, 0, 2, 6, 37
"c:\Users\yzc\Desktop\showTheVibe\src\uni_modules\vk-uview-ui\libs\function\colorGradient.js", "JavaScript", 108, 0, 0, 0, 0, 0, 0, 0, 0, 0, 19, 7, 134
"c:\Users\yzc\Desktop\showTheVibe\src\uni_modules\vk-uview-ui\libs\function\debounce.js", "JavaScript", 16, 0, 0, 0, 0, 0, 0, 0, 0, 0, 11, 3, 30
"c:\Users\yzc\Desktop\showTheVibe\src\uni_modules\vk-uview-ui\libs\function\deepClone.js", "JavaScript", 17, 0, 0, 0, 0, 0, 0, 0, 0, 0, 4, 3, 24
"c:\Users\yzc\Desktop\showTheVibe\src\uni_modules\vk-uview-ui\libs\function\deepMerge.js", "JavaScript", 27, 0, 0, 0, 0, 0, 0, 0, 0, 0, 1, 2, 30
"c:\Users\yzc\Desktop\showTheVibe\src\uni_modules\vk-uview-ui\libs\function\getParent.js", "JavaScript", 35, 0, 0, 0, 0, 0, 0, 0, 0, 0, 11, 1, 47
"c:\Users\yzc\Desktop\showTheVibe\src\uni_modules\vk-uview-ui\libs\function\guid.js", "JavaScript", 25, 0, 0, 0, 0, 0, 0, 0, 0, 0, 13, 4, 42
"c:\Users\yzc\Desktop\showTheVibe\src\uni_modules\vk-uview-ui\libs\function\md5.js", "JavaScript", 280, 0, 0, 0, 0, 0, 0, 0, 0, 0, 72, 33, 385
"c:\Users\yzc\Desktop\showTheVibe\src\uni_modules\vk-uview-ui\libs\function\queryParams.js", "JavaScript", 45, 0, 0, 0, 0, 0, 0, 0, 0, 0, 12, 2, 59
"c:\Users\yzc\Desktop\showTheVibe\src\uni_modules\vk-uview-ui\libs\function\random.js", "JavaScript", 9, 0, 0, 0, 0, 0, 0, 0, 0, 0, 0, 2, 11
"c:\Users\yzc\Desktop\showTheVibe\src\uni_modules\vk-uview-ui\libs\function\randomArray.js", "JavaScript", 4, 0, 0, 0, 0, 0, 0, 0, 0, 0, 2, 2, 8
"c:\Users\yzc\Desktop\showTheVibe\src\uni_modules\vk-uview-ui\libs\function\route.js", "JavaScript", 88, 0, 0, 0, 0, 0, 0, 0, 0, 0, 25, 9, 122
"c:\Users\yzc\Desktop\showTheVibe\src\uni_modules\vk-uview-ui\libs\function\sys.js", "JavaScript", 6, 0, 0, 0, 0, 0, 0, 0, 0, 0, 0, 4, 10
"c:\Users\yzc\Desktop\showTheVibe\src\uni_modules\vk-uview-ui\libs\function\test.js", "JavaScript", 138, 0, 0, 0, 0, 0, 0, 0, 0, 0, 70, 25, 233
"c:\Users\yzc\Desktop\showTheVibe\src\uni_modules\vk-uview-ui\libs\function\throttle.js", "JavaScript", 23, 0, 0, 0, 0, 0, 0, 0, 0, 0, 11, 0, 34
"c:\Users\yzc\Desktop\showTheVibe\src\uni_modules\vk-uview-ui\libs\function\timeFormat.js", "JavaScript", 39, 0, 0, 0, 0, 0, 0, 0, 0, 0, 9, 4, 52
"c:\Users\yzc\Desktop\showTheVibe\src\uni_modules\vk-uview-ui\libs\function\timeFrom.js", "JavaScript", 34, 0, 0, 0, 0, 0, 0, 0, 0, 0, 10, 4, 48
"c:\Users\yzc\Desktop\showTheVibe\src\uni_modules\vk-uview-ui\libs\function\toast.js", "JavaScript", 8, 0, 0, 0, 0, 0, 0, 0, 0, 0, 0, 2, 10
"c:\Users\yzc\Desktop\showTheVibe\src\uni_modules\vk-uview-ui\libs\function\trim.js", "JavaScript", 14, 0, 0, 0, 0, 0, 0, 0, 0, 0, 0, 2, 16
"c:\Users\yzc\Desktop\showTheVibe\src\uni_modules\vk-uview-ui\libs\function\type2icon.js", "JavaScript", 26, 0, 0, 0, 0, 0, 0, 0, 0, 0, 8, 2, 36
"c:\Users\yzc\Desktop\showTheVibe\src\uni_modules\vk-uview-ui\libs\mixin\mixin.js", "JavaScript", 61, 0, 0, 0, 0, 0, 0, 0, 0, 0, 24, 2, 87
"c:\Users\yzc\Desktop\showTheVibe\src\uni_modules\vk-uview-ui\libs\mixin\mpShare.js", "JavaScript", 15, 0, 0, 0, 0, 0, 0, 0, 0, 0, 3, 1, 19
"c:\Users\yzc\Desktop\showTheVibe\src\uni_modules\vk-uview-ui\libs\request\index.js", "JavaScript", 121, 0, 0, 0, 0, 0, 0, 0, 0, 0, 38, 11, 170
"c:\Users\yzc\Desktop\showTheVibe\src\uni_modules\vk-uview-ui\libs\store\index.js", "JavaScript", 17, 0, 0, 0, 0, 0, 0, 0, 0, 0, 1, 1, 19
"c:\Users\yzc\Desktop\showTheVibe\src\uni_modules\vk-uview-ui\libs\util\async-validator.js", "JavaScript", 916, 0, 0, 0, 0, 0, 0, 0, 0, 0, 209, 232, 1357
"c:\Users\yzc\Desktop\showTheVibe\src\uni_modules\vk-uview-ui\libs\util\emitter.js", "JavaScript", 32, 0, 0, 0, 0, 0, 0, 0, 0, 0, 31, 2, 65
"c:\Users\yzc\Desktop\showTheVibe\src\uni_modules\vk-uview-ui\package.json", "JSON", 0, 0, 0, 0, 0, 82, 0, 0, 0, 0, 0, 0, 82
"c:\Users\yzc\Desktop\showTheVibe\src\uni_modules\vk-uview-ui\readme.md", "Markdown", 0, 0, 0, 0, 81, 0, 0, 0, 0, 0, 4, 41, 126
"c:\Users\yzc\Desktop\showTheVibe\src\uni_modules\vk-uview-ui\theme.scss", "SCSS", 0, 0, 0, 0, 0, 0, 28, 0, 0, 0, 3, 8, 39
"c:\Users\yzc\Desktop\showTheVibe\tsconfig.json", "JSON with Comments", 0, 0, 0, 17, 0, 0, 0, 0, 0, 0, 5, 1, 23
"c:\Users\yzc\Desktop\showTheVibe\uniCloud-aliyun\database\attention.schema.json", "JSON", 0, 0, 0, 0, 0, 33, 0, 0, 0, 0, 1, 1, 35
"c:\Users\yzc\Desktop\showTheVibe\uniCloud-aliyun\database\canteen.schema.json", "JSON", 0, 0, 0, 0, 0, 19, 0, 0, 0, 0, 1, 1, 21
"c:\Users\yzc\Desktop\showTheVibe\uniCloud-aliyun\database\collect.schema.json", "JSON", 0, 0, 0, 0, 0, 42, 0, 0, 0, 0, 1, 1, 44
"c:\Users\yzc\Desktop\showTheVibe\uniCloud-aliyun\database\comment.schema.json", "JSON", 0, 0, 0, 0, 0, 44, 0, 0, 0, 0, 1, 2, 47
"c:\Users\yzc\Desktop\showTheVibe\uniCloud-aliyun\database\notes.schema.json", "JSON", 0, 0, 0, 0, 0, 44, 0, 0, 0, 0, 1, 1, 46
"c:\Users\yzc\Desktop\showTheVibe\uniCloud-aliyun\database\order.schema.json", "JSON", 0, 0, 0, 0, 0, 56, 0, 0, 0, 0, 1, 1, 58
"c:\Users\yzc\Desktop\showTheVibe\uniCloud-aliyun\database\praise.schema.json", "JSON", 0, 0, 0, 0, 0, 40, 0, 0, 0, 0, 1, 1, 42
"c:\Users\yzc\Desktop\showTheVibe\vite.config.ts", "TypeScript", 0, 40, 0, 0, 0, 0, 0, 0, 0, 0, 5, 3, 48
"Total", "-", 16594, 815, 19, 17, 1945, 21515, 1107, 1397, 39562, 64, 2749, 4676, 90460